"Anfangsbuchstabe","Title","Begriff","Hinweis","Link"
"0-9","0-S	","0-Serie, Anlaufserie",,
"0-9","4WD	","Four-Wheel-Drive",,
"A","A2L","Beschreibungsdatei enthält alle Informationen über die relevanten Datenobjekte im Steuergerät",,
"A","A2R","Account-to-Report ","E2E-Prozess: von der Buchung zur Berichterstattung ",
"A","AA","Arbeitsanweisung",,
"A","ÄA","Änderungsantrag",,
"A","AAA","Authentication, Authorization, Accounting",,
"A","AAB","Allgemeine Ausfuhrbestimmungen",,
"A","AAG","Anhängeranschlussgerät",,
"A","AAK","Aktive Aufbau Kontrolle",,
"A","AAN","Anforderungsanalyse",,
"A","AAP","Advanced Analytics Plattform",,
"A","AAS","amtlich anerkannter Sachverständiger",,
"A","AAV","All Activity Vehicle",,
"A","AB","Auftragsbestand",,
"A","ÄB","Änderungsbegehren",,
"A","ABC","Activ Body Control","aktive Fahrwerksregelung",
"A","ABD","Automatisches Bremsdifferential",,
"A","ABE","Allgemeine Betriebserlaubnis",,
"A","ABG","Allgemeine Bauartgenehmigung",,
"A","ABP","Automatisierte-Bordnetz-Prüfung",,
"A","ABPV","Ausstattungsbereinigter Preisvergleich",,
"A","ABS","Asset Backed Securities",,
"A","ABS","Acrylnitril-Butadien-Styrol",,
"A","ABS","Anti-Blockiersystem",,
"A","ABS","AV-Sachbearbeiter-Schlüssel",,
"A","ABT","Anzeige- und Bedienteil",,
"A","ABV","Automatischer Blockierverhinderer",,
"A","AC","Air Condition",,
"A","AC","Alternating Current","Wechselstrom",
"A","ACC","Adapative Cruise Control","Abstandssensibler Tempostat","https://www.porsche.com/middle-east/_nigeria_/models/cayenne/#from=/middle-east/_nigeria_/models/cayenne/cayenne-models-e2/cayenne/"
"A","ACCF","Audi Connect ChangeForm",,
"A","ACD","Active Controlled Damping","elektronisch gesteuerte Dämpfung",
"A","ACEA","Association des Constructeurs Européens d' Automobiles","European Automobile Manufacturers",
"A","Achslastverteilung","ALV",,
"A","ACSP","Advanced Crypto Service Provider (IBM Technologie)",,
"A","AD","Außendienst",,
"A","ADAC","Allgemeiner Deutscher Automobilclub",,
"A","ADE","Anforderungsdefinition","lt. PVM",
"A","ADL","Automatic Doorlock",,
"A","ADR","Automatische Distanzregelung, Aktive Dämpferregelung",,
"A","AE","Abweicherlaubnis",,
"A","AE","Aggregate-Entscheid",,
"A","AE","Auftragseingang",,
"A","AECD","Auxiliary Emission Control Device",,
"A","AER","All Electric Range",,
"A","AES","Auxiliary Emission Strategy",,
"A","AESIS","Audi Electronic Service Information System",,
"A","AF","Auftragsfreigabe",,
"A","AfA","Abschreibung für Abnutzung","Abschreibung für Abnutzung",
"A","AFK","Alternativer Freigabekreis",,
"A","AFS","Adaptive Front-Lighting System",,
"A","AfU","Amt für Umweltschutz",,
"A","AG","Auftraggeber",,
"A","AG","Arbeitsgruppe",,
"A","AG10","Inbetriebnahmedurchlauf","Checkliste für Inbetriebnahme der Prototypen",
"A","AGA","Abgasanlage",,
"A","AGB","Allgemeine Geschäftsbedingungen",,
"A","AGC","Automatic Gain Control","Automatische Verstärkerregelung",
"A","AGM","Absorbent-Glas-Mat","Batterie mit saugendem Glasmatten-Vlies",
"A","AGR","Abgasrückführung",,
"A","AGS","Active Grill Shutter",,
"A","AGT","Aggregateträger",,
"A","AGV","Abgasvorschrift",,
"A","AHK","Anhängerkupplung",,
"A","AHZV","Anhängerzugvorrichtung",,
"A","AIA","Auto-Initiiertes Ausweichen",,
"A","AIS","Antriebsinformationssystem",,
"A","AIX","Advanced Interactive Executive","Unix-Betriebssystem der Firma IBM",
"A","AK","Aktivitätenschlüssel",,
"A","AK","Arbeitskreis",,
"A","ÄK","Änderungskosten",,
"A","AKE","Arbeitskreis Elektronik",,
"A","AKF","Aktivkohlefilter",,
"A","AKH","Arbeitskreis Händlerbeirat",,
"A","AKL","Automatisches Kleinteilelager",,
"A","ÄKO","Änderungskommission",,
"A","ÄKO","Änderungskosten",,
"A","ÄKO/AEKO","ÄnderungsKOntrolle bis 3 Monate nach SOP",,
,"AKS","aktiver Kurzschluss",,
"A","AKS","Aktiver Kurzschluss",,
"A","AKS","aktiver Kurzschluss","wird von der Motorleistungselektronik erzeugt, falls das E-Fahrzeug im ausgeschalteten Zustand zu schnell geschoben/gezogen wird",
"A","AKV","Aufgaben, Kompetenzen, Verantwortlichkeiten",,
"A","AKZ","Aktivkennzeichen","(A=Aktiv; I=Inaktiv)",
"A","AL","Abteilungsleiter",,
"A","AL","Abblendlicht",,
"A","AL","Anlieferplatz",,
"A","ALB","Autom. lastabhängige Bremskraftverteilung",,
"A","ALKK","Abteilungsleiter-Konvergenz-Kreis",,
"A","AL-Knetwerkstoff","Aluminium-Knetwerkstoff",,
"A","ALM","Application LifeCycle Management","Es gibt noch KPM-Web",
"A","ALR","Autom. Lautstärkeregelung",,
"A","ALS","Achse-Lenkungsprüfstand",,
"A","ALT","Achslasttabelle",,
"A","ALV","SAP List Viewer",,
"A","ALWR","Automatische Leuchtweitenregelung",,
"A","AM","Auftragsmanagement",,
"A","AM","Amplitudenmodulation",,
"A","AM","After Market",,
"A","AM","Applikationsmanagement",,
"A","AM","Ante Meridiem",,
"A","ÄM","Änderungsmanagement",,
"A","AMN","Außenmeisterbock",,
"A","AMS","Antriebsmanagementsystem",,
"A","AN","Auftragnehmer",,
"A","AN","Artikelnummer",,
"A","AN","Aktennotiz",,
"A","ANB","Autonome Notbremse",,
"A","ANSA","CAE-Preprozessor",,
"A","ANSI","American National Standards Institute",,
"A","ANÜ","Arbeitnehmerüberlassung",,
"A","ANV","Axiale Nockenwellen Verstellung",,
"A","AOP","Automotive Online Platform",,
"A","AP","Arbeitspapier",,
"A","APEAL","Automotive Performance, Execution and Layout Study",,
"A","APK","Arbeitspositionskatalog",,
"A","APL","Anlieferplatz",,
"A","APN","AccessPoint Name (SIM Karte)",,
"A","APO","Zentrales und integratives Planungstool",,
"A","APOS","Arbeitspositions-Katalog",,
"A","APQP","Advanced Product Quality Planning",,
"A","AQ","Ausstattungsquote",,
"A","AQS","Air Quality Sensor","Luftgütesensor",
"A","AQSIS","State General Administration of Quality Supervision, Inspection and Quarantine of the P.R.China",,
"A","AR","Aufsichtsrat",,
"A","AR","Abgasrückführung",,
"A","AR","Augmented Realitiy","Erweiterete Realität. Realität wird um digitale/ virtuelle Inhalte erweitert",
"A","ARG","Arbeitsgruppe",,
"A","ARI","Autofahrer Rundfunk Information",,
"A","ARU","Audi Remote Update",,
"A","ARV","Aufsichtsratsvorsitzender",,
"A","AS","After Sales",,
"A","AS","Applikationssupport",,
"A","AS","Abgabestand",,
"A","ÄS","Änderungsstopp",,
"A","ÄS","Änderungsstand",,
"A","ASA","Automobil Service Ausrüstung",,
"A","ASAM","Association for Standardisation of Auotmation an Measuring Systems",,
"A","asap","as soon as possible",,
"A","ASC","After Sales Strategic Council",,
"A","ASCET","Entwicklungstool der Fa. ETAS",,
"A","ASD","Autom. Sperrdifferential",,
"A","ASE","Automotive Services Europe",,
"A","ASIC","application-specific integrated circuit","Anwendungsspezifische integrierte Schaltung, z.B. für Temperatursonden",
"A","ASIL","Automotive Safety Integrity Level","ASIL ist ein Risikoklassifizierungsschema, das in der Norm ISO 26262 - Funktionale Sicherheit für Straßenfahrzeuge definiert ist. Dies ist eine Anpassung des in der IEC 61508 verwendeten Sicherheitsintegritätsniveaus für die Automobilindustrie",
"A","ASL","Available Service List",,
"A","aSLT","automatisierter Sonderladungsträger",,
"A","ASM","AfterSales Manual",,
"A","ASÖ","Abschleppöse",,
"A","A-SPICE","automotive - Software Process Improvement and Capability Determination",,
"A","ASR","Antriebs-Schlupfregelung",,
"A","ASSEP","Antriebs-Steuergeräte-Software-Entwicklungs-Prozess",,
"A","ASU","Abgassonderuntersuchung",,
"A","ASW","Audi Shopping World",,
"A","AT","Austausch(teil)",,
"A","ÄT","Anderungstäfel im FSI",,
"A","A-Team","Funktion in der ÄKO-Phase: Das A-Team nimmt die Verantwortlichkeit für die Verteilung und Genehmigung von ÄKOS während des Vorserien- und Serienprozess wahr.	",,
"A","ATEAMxx","AEKO-Team im Werk xx (AEKO-Geschaeftsstellen im Produnktmanagement)",,
"A","ATEEL","Allied Technology Experts Enterprise of Luxemburg",,
"A","A-Teil","wichtiges / hochwertiges / umsatzstarkes Teil, hohes Produktions- und Beschaffungsrisiko",,
"A","ATF","Automatic Transmission Fluid",,
"A","AtK","Projekt ""Ausbau technische Konformität""",,
"A","ATL","Abgasturbolader",,
"A","ATN","Aktiver Teilnehmer","Personalisierung",
"A","ATS","Abgastemperatursensor",,
"A","ATZ","Altersteilzeit",,
"A","AU","Arbeitsunterweisung",,
"A","AUS","Auslauftermin eines Fahrzeugstruktur-Objekts",,
"A","AUV","Automobil Umwelt Verträglichkeit",,
"A","AV","Anlagevermögen",,
"A","AV","Arbeitsvorbereitung",,
"A","AVG","Auslauf Vorgabe (Datum)",,
"A","AVON","Änderungsverfolgung Online. Informationssystem zur Unterstützung des Änderungsmanagements bei Porsche	",,
"A","AVON","Antragsverwaltung-Online",,
"A","AVONgrafisch","Projekt zum Umbau von AVON 3270 auf AVON 2.0",,
"A","AVS","Audi valvelift system",,
"A","AVV","Abfall-Verzeichnis-Verordnung",,
"A","AVV","Auftragsverarbeitungsvertrag/-vereinbarung",,
"A","A-VW","Anforderungsmanagement - Volkswagen",,
"A","AW","Anwendungsfall",,
"A","AWA","Ausweichassistent",,
"A","AWC","Automatic Wireless Charging",,
"A","AWD","All Wheel Drive",,
"A","AWE","Abweicherlaubnis",,
"A","AWS","Advanced Weight Sensor",,
"A","AWS","Aktive Wank-Stabilisierung","PDCC",
"A","AWV","Anhaltewegverkürzung",,
"A","AWZ","Abfallwirtschaftszentrum",,
"A","AZ","Anzahlung",,
"A","AZ","Arbeitszeiten",,
"A","AZEF","Arbeitszeiterfassung",,
"A","A-Zeit","Auslastungs-Zeit",,
"A","AZRW","Arbeitszeitrichtwert",,
"A","AZSN","Arbeitszeiten u. Schadensnummern",,
"A","AZSNK","Arbeitszeiten u. Schadensnummern Katalog",,
"A","AZT","Allianz Zentrum für Technik","Standartisierte Tests für Kasko-Einstufung",
"B","B","Beschaffung",,"/sites/CarreraOnline_PAG_B-Uebersichtsbereich"
"B","b.i.O.","bedingt in Ordnung",,
"B","B2B","Business-to-Business Beziehung",,
"B","BA","Bauabweichung",,
"B","BA","Bezugsart",,
"B","BA","Betriebsanleitung",,
"B","BAB","Bundesautobahn",,
"B","BAL","Betriebsanleitung",,
"B","BAM","Bundesanstalt für Materialprüfung",,
"B","BANF","Bedarfsanforderung",,
"B","BAP","Bedien- und Anzeige Protokoll",,
"B","BASt","Bundesanstalt für Straßenwesen",,
"B","BBB","Bau Basis Budget",,
"B","BBKP","Baubarkeitsprüfung",,
"B","BBP","Bebauungsplan",,
"B","BC","Boundary Conditions",,
"B","BC","Bordcomputer",,
"B","B-Call","Breakdown Call",,
"B","BCM","Body Control Management",,
"B","BCM","Business Continuity Management",,
"B","BDAT","Benutzerdatenverwaltungssystem",,
"B","BDE","Benzin Direkt Einspritzung",,
"B","BDSG","Bundesdatenschutzgesetz",,
"B","BE","Betriebsergebnis vor Steuern in Prozent bezogen auf die Erlöse","Umsatzrendite",
"B","BEG","Beteiligungsgesellschaft",,
"B","BEM","Battery Energy Manager",,
"B","BEMI","Betriebsmittel",,
"B","BEN","Benennung",,
"B","BEON","Bemusterung Online",,
"B","BES","Base Emission Strategy",,
"B","BEV","Battery Electric Vehicle",,
"B","BF","Betriebsfestigkeit",,
"B","BF","Beschaffungsfreigabe",,
"B","BFA","Beifahrer Airbag",,
"B","B-Freigabe","Beschaffungsfreigabe",,
"B","B-Freigabe","Freigabe zur Werkzeugerstellung",,
"B","BG","Berufsgenossenschaft",,
"B","BG","Bruttogewinn",,
"B","BGB","Bürgerliches Gesetzbuch",,
"B","BGBI","Bundesgesetzblatt",,
"B","BGF","Bruttogeschossfläche",,
"B","BGH","Bundesgerichtshof",,
"B","BGHM","Berufsgenossenschaft Holz und Metall",,
"B","BHE","Blindheitserkennung",,
"B","BHP","Brake Horse Power",,
"B","BI","Business Intelligence",,
"B","BIC","Best in Class",,
"B","BIC","Business-Intelligence-Center",,
"B","Big Data","Big Data","digitale Sammlung von Daten",
"B","BImSchG","Bundes-Immissionsschutzgesetz","LINK FOLGT",
"B","BIP","Bruttoinlandsprodukt",,
"B","BJB","Battery Junction Box",,
"B","BK","Betriebskosten",,
"B","BK","Bürokommunikation",,
"B","BKE","Bedien- und Klimaregeleinheit",,
"B","BKM","Bedarfs- und Kapazitätsmanagement",,
"B","BK-Rechner","Rechner am Bürokommunikationsnetz der PAG",,
"B","BKRM","Baukastenreferenzmodell",,
"B","BK-User","Benutzername für die Anmeldung am BK-Rechner (Windows)",,
"B","BKV","Bremskraftverstärker",,
"B","BL","Bruttolager",,
"B","BL","Business Logic",,
"B","BLDC","bürstenloser Gleichstrommotor",,
"B","BM","Behältermanagement",,
"B","BMCe","Batterie Management Controller Extended",,
"B","BMG","BauMusterGenehmigung",,
"B","BMS","Battery Management System",,
,"B-Muster","Grundmuster mit hohem Reifegrad eines Teils","funktionsfähiges Muster",
"B","BMV","Bundesministerium für Verkehr",,
"B","BNK","Beschaffungsnebenkosten",,
"B","BNM","Blindnietmutter",,
"B","BO","BusinessObjects","Auswertungssystem für AVON",
"B","BOB","Bedarfsorientierte Bereitstellung",,
"B","BoD","Board of Directors",,
"B","bP","beauftragte Person Gefahrgut","LINK FOLGT",
"B","BPM","Business Process Management bzw. Baureihenplattformteam",,
"B","BPOT","Battery Product Owner Team",,
"B","BQ","Buchungsqualität",,
"B","BR","Baureihe",,
"B","BR","Betriebsrat","LINK FOLGT",
"B","BRA","Baureihen Ausschuss Sitzung",,
"B","BRL","Baureihenleiter",,
"B","BRW","Betriebsrat Weissach",,
"B","BRZ","Betriebsrat Zuffenhausen",,
"B","BSA","Betriebsschwingungsanalyse",,
"B","BSC","Balanced Scorecard",,
"B","BSG","Batterieschutzgehäuse",,
"B","BSM","Besondere Merkmale",,
"B","BSP","Business Service Platform",,
"B","BST","Baustufe",,
"B","BT","Bauteil",,
"B","B-Teil","mittelwichtiges / mittelwertiges Teil mit mittlerer Umsatzstärke; s.a. A-Teile bzw. C-Teile",,
"B","B-Teil","mittelwichtiges / mittelwertiges Teil mit mitllerer Umsatzstärke",,
"B","BTG","Bundesverband des deutschen Tankstellen- u. Garagengew.	",,
"B","BTLH","Bauteil-Lastenheft",,
"B","BTV","Bauteilverantwortlicher",,
"B","Btyp","Bestelltyp",,
"B","BTZ","Bauteilzertifizierung",,
"B","BTZ","Bauteilzertifizierung China",,
"B","BU","Betriebsurlaub",,
"B","BU","Budget",,
"B","BuHa","Buchhaltung",,
"B","BÜMK","Baureihenübergreifende Montagekonzepte",,
"B","BUS","Bundesamt für Umweltschutz",,
"B","BV","Basisvariante (ODX) englisch: BASE-VARIANT Diagnose Layer für die Gerätefamilie (z.B. Türsteuergeräte)	",,
"B","BV","Bereitstellverfahren",,
"B","BV","Betriebsversammlung",,
"B","BVS","Berichts-Verwaltungs-System",,
"B","BVS","Bildverarbeitungssteuergerät",,
"B","BVW","Betriebliches Vorschlagswesen",,
"B","Bx..","Abteilung in der Baureihe",,
"B","BZD","Bauzustandsdokumentation",,
"C","C@P ","CRM@Porsche","LINKS ABKÜRZ. + BEGRIFF FOLGEN",
"C","C2O","Contact-to-Order ","E2E-Prozess: vom Kundenkontakt bis zum Kundenauftrag ",
"C","CAA","Clean Air Act",,
"C","CAB","Change Advisory Board","LINK FOLGT",
"C","CAB","Curtainairbag",,
"C","CA-Bereich","Communications-Area",,
"C","CAD","Computer-Aided Design",,
"C","CAE","Computer-Aided Engineering",,
"C","CAFC","Corporate Average Fleet Consumption",,
"C","CAFE","Corporate Average Fuel Economy (Gas Guzzler Steuer)	",,
"C","CAFM","Computer Aided Facility Management",,
"C","CAI","Certificate Based Authentication",,
"C","CAM","Computer-Aided Manufacturing",,
"C","CAMPUS","Datenbank für Kunststoffe",,
"C","CAN","Controller Area Network (Automotive Bus)	",,
"C","CAP","Computer Aided Production",,
"C","CAP 2000","Compliance Assurance Programm (Abgasmessung im Feld beim Kunden)",,
"C","CAPMS","Criteria Air Pollutant Modeling System",,
"C","CAQ","Computer Aided Quality System",,
"C","Car Top Systems","CTS",,
"C","CARB","California Air Resources Board",,
"C","CAS","Computer Aided Styling",,
,"CATIA","Computer Aided Three-Dimensional Interactive Application","LINK FOLGT",
"C","CAx","Computer Aided (x=Platzhalter für div. Disziplinen, z.B. ""D"" für Design)","LINK FOLGT",
"C","CBC","Combined-Booster-Converter",,
"C","CBC","Combined Booster Converter",,
"C","CBD","Cost Brakedown",,
"C","CBT","Computer Based Training",,
"C","CC","Cost Center",,
"C","CCB","Change-Control-Board",,
"C","CCC","China Compulsory Certification",,
"C","CCNS","Channel Client Notification Framework","Zur Notifizierung von Channelclients (E-Mail, iPhone, SMS)",
"C","CCP","Can Calibration Protocol",,
"C","CCSS","Call Center Shared Service",,
"C","CCW","Counterclockwise",,
"C","CD","Compact Disk",,
"C","CDC","Continuos Damping Control",,
"C","CEDMS","CAx Ergebnis Daten Management System",,
"C","CEMT","Europäische Konferenz der Verkehrsminister",,
"C","CEN","Comité Européen de Normalisation",,
"C","CENELEC","Comité Européen de Normalisation Electrotechnique	",,
"C","CEO","Chief Executive Officer",,
"C","CF","Cash Flow",,
"C","CF","Car Finder",,
"C","CFK","Carbonfaserverstärkter Kunststoff	",,
"C","CFO","Chief Financial Officer",,
"C","CFP","Composite Friction Pin (""Reibnageln"")",,
"C","CFR","Code of Federal Regulations",,
"C","CFR","China freiwillige Zertifizierung",,
"C","CFT","Crossfunktionales Team",,
"C","CFU","Cash-Flow-Umsatzrate",,
"C","CGR","CATIA Graphical Representation, Datenformat der Firma Dassault Systèmes für tesselierte Daten",,
"C","cGW","Connected Gateway",,
"C","CHMSL","Centre High-Mounted Stop Light",,
"C","CI","Corporate Identity",,
"C","CI","Configuration Item",,
"C","CICS","Customer Information Control System",,
"C","CID","Center Information Display",,
"C","CIF","Cost, Insurance and Freight",,
"C","City ANB","City Autonome Not-Bremsung","bei Geschwindigkeiten < 30 km/h",
"C","CKD","completely knocked down (höchster Zerlegungsgrad)	",,
"C","CL","Closed Loop",,
"C","CL","Clinchen",,
"C","Cloud (Computing)	",,"Daten werden nicht auf eigenem Rechner sondern auf  Servern (weltweit) gespeichert",
"C","Cluu","Standard-Business-Plattform für webbasierte Applikationen im PAG Entwicklungsbereich",,
"C","CMC","Charge Module Controller",,
"C","CMDB","Configuration Management Database","Im IT Service Management bezeichnet man mit CMDB eine Datenbank, welche zur Verwaltung, Dokumentation, Verknüpfung und Verfolgung von Konfigurationselementen von IT Services dient.","https://de.wikipedia.org/wiki/ITIL"
"C","CMMI","Capability Maturity Model Integration",,
"C","CMS","Content Management System	",,
"C","CMS","Crash-Management-System",,
"C","CMT","Cold Metal Transfer Schweißen",,
"C","CNC","Computerized Numerical Control	",,
"C","CNCA","China National Commission for Certificate & Accredication	",,
"C","CoB","Chairman of the Board",,
"C","COC","Certificate of Conformity",,
"C","COD","Cash on Delivery",,
"C","CoO","Cost of Ownership",,
"C","COO","Chief Operating Officer",,
"C","CO-OM","Controlling - Overhead Cost Management",,
"C","COP","Carry over Parts","Übernahmeteil",
"C","COP","Conformity of Production",,
"C","COP A","Carry over Parts A","Gleich- / Übernahmeteile ohne Modifikation",
"C","COP B","Carry over Parts B","Gleich- / Übernahmeteile mit geringerer Abweichung (Modifikation)",
"C","CO-PA","Controlling - Profitability Analysis	",,
"C","CO-PC","Controlling - Product Costing",,
"C","CoRE","Consistency Rule Engine",,
"C","COSVAM","Coalition of Small Volume Automobile Manufacturers",,
"C","CPS","Cycles per Second (Hertz)	",,
"C","CPS","Cassette Program Search",,
"C","CPT","Certified Porsche Technician",,
"C","CPU","Central Processing Unit	",,
"C","CR","Common-Rail (Einspritzung)	",,
"C","CRM","Customer Relationship Management",,
"C","CROSS","Car Retail Organisation Support System",,
"C","CRS","Child Restraint System",,
"C","CS","Club Sport",,
"C","CS","Core Services",,
"C","CSC","Corporate-Sourcing-Committee	",,
"C","CSC","Core Services Communication",,
"C","CSD","CCC Self-Declaration",,
"C","CSI","Customer Satisfaction Index	",,
"C","CSK","Customer Satisfaction Kreis",,
"C","CSM","Core Services Management",,
"C","CSMS","Cyber-Security-Management-System",,
"C","CST","Common-Sourcing-Team",,
"C","CT","Custom Tailoring",,
"C","CTA","Cross Traffic-Assist",,
"C","C-Teil","weniger wichtiges / niedrigwertiges / umsatzschwaches Teil, geringres Produktions- und Beschaffungsrisiko, Verbrauchsgut",,
"C","CTI","Computer Telephony Integration	",,
"C","CTM","C-Teilemanagement",,
"C","CU","Control Unit",,
"C","CV","Constant Velocity (joint)",,
"C","CV","Corner View",,
"C","CVA","California Vehicle Act",,
"C","CVB","Change-Validation-Board",,
"C","CVT","Continuous Variable Transmission	",,
"C","CVTip","Continuous Variable Transmission (Porsche)",,
"D","D2cD","Design-to-Continous-Deployment","E2E-Prozess: vom Design zur kontinuierlichen Produkteinführung",
"D","D2L","Delivery-to-Loyalty ","E2E-Prozess: von der Auslieferung bis zur Kundenloyalisierung ",
"D","DAB","Digitaler Audio Broadcasting","Digitalradio",
"D","DAE","Druckausgleichseinheit	",,
"D","DAL","Doors And Lights",,
"D","DAS","Datenaustauschserver (GlobalX)",,
"D","DAT","Deutsche Automobil Treuhand GmbH	",,
"D","Datenbrille","Smart Glasses",,
"D","DB","Datenbank",,
"D","DB","Deckungsbeitrag",,
"D","DB2","kommerzielle relationale Datenbank",,
"D","DBS","Dispositions-Sachbearbeiter-Schlüssel",,
"D","DBV","Druck-Begrenzungs-Ventil",,
"D","DC","Direct Current (Gleichstrom)",,
"D","DCA","Design-Check-Aufbau",,
"D","DCA","Design Check Aufbau",,
"D","DCM","Diagnostic Communication Manager (Hinweis: Software Modul)",,
"D","DCSR","Digital City Showroom",,
"D","DDB","Direct Dialog Bay - Direktannahme",,
"D","DE","Designentscheid","Lastenheft",
"D","DEF","Defrost",,
"D","DEF","Design-Erlebnis-Fahrten",,
"D","DEKRA	","Deutscher Kraftfahrzeug-Überwachungsverein",,
"D","DET","Datenendtermin",,
"D","DF","Designfreeze",,
"D","DFA","Digitaler Fahrzeugassisttent",,
"D","DFA","Design for Assembly  auch: Digitaler Fahrzeugassistent",,
"D","DFI","Benzindirekteinspritzung",,
"D","DFM","Design for Manufacturing",,
"D","D-Freigabe","Dispositionsfreigabe",,
"D","DFÜ","Daten-Fernübertragung",,
"D","DfV","Durchführungsverantwortlicher	",,
"D","DG","Debitorengutschrift",,
"D","DI","Direct Injection (Direkteinspritzung)",,
"D","DiagRA","Applikations- und Diagnosewerkzeug	",,
"D","DIALOGPlus","Menü-Service für Online-Anwendungssysteme im VW Konzern (z.B. für AVON)",,
"D","DID","Dealer Information Database	",,
,"Digital Storytelling",,"Das Verbreiten/ Erzählen einer ""Geschichte"" mit Hilfe  digitaler Medien",
"D","DIN","Deutsches Institut für Normung",,
"D","DIS","Driver Information System",,
"D","DIY","Do It Yourself",,
"D","DK","Diagnoseklasse",,
"D","DK","Drosselklappe",,
"D","DK","Dachkonsole",,
"D","DKA","Dynamisches Kundenaudit",,
"D","DKF","Dokumentation Kraftfahrwesen e. V.	","LINK FOLGT",
"D","DKG","Doppelkupplungsgetriebe",,
"D","DKI","Dekarbonisierungsindex",,
"D","DKM","Datenkontrollmodell",,
"D","DKY","Digital Key",,
"D","DL","Datenlogistik",,
"D","DL","Dauerlauf","LINK FOLGT",
"D","DL/I","Data Language / One (für Zugriff auf IMS-Datenbanken)",,
"D","DL24","Steuerungsdatei in der Produktion auf Teilenummer-Ebene",,
"D","DLP","Durchlaufplan",,
,"DLV","Dienstleistungsvergütung",,
"D","DLV","Dienstleistungsvereinbarung",,
"D","DLZ","Dienstleistungszentrum",,
"D","DLZ","Durchlaufzeit",,
"D","DME","Digitale Motorenelektronik",,
"D","D-Merkmal","Dokumentationspflichtiges Merkmal	",,
"D","DMI-Matrix","Durchführungsverantwortung-Mitarbeit-Information Matrix",,
"D","DML","Diagnose Maskierungsliste",,
"D","DMP","Digital Mobilitätsplattform",,
"D","DMS","Dealer Management System",,
"D","DMS","Document Management System	",,
"D","DMS","Dealer Maintenance Scheduling","deutsch = OTV",
"D","DMS","Dehnungsmessstreifen",,
"D","DMTL","Diagnose Modul Tank Leckage","Tankleckdiagnosesystem",
"D","DMU","Digital Mock-up","LINK FOLGT",
"D","DO","Devisenoption",,
"D","DOC","Diesel Oxidation Catalyst",,
"D","DOC","Declaration-of-Conformity",,
"D","DOHC","Double Overhead Camshaft",,
"D","DOM","Dealer Operations Manual",,
"D","DOS","Disk Operating System	",,
"D","DOT","Department of Transportation	",,
"D","DPF","Diesel Partikelfilter",,
"D","DPP","Digitale Produktions Plattform",,
"D","DPS","Digitales Planungssystem",,
"D","DPT","Digitaler Prototyp",,
"D","DQE","Driver Quality Evaluation",,
"D","DR","Design Review",,
"D","DRAM","Dynamic RAM",,
"D","DRS","Distributed Resource Service",,
"D","DSFA","Datenschutzfolgeabschätzung",,
"D","DSG","Direktschaltgetriebe",,
"D","DSGVO","Datenschutzgrundverordnung","Für den erweiterten europäischen Wirtschaftsraum beschlossene Verordnung zur einheitlichen Regelungen von Gesetzmäßigkeiten rund um das Thema Datenschutz. Seit 25.05.2018 rechtskräftig.",
,"DSI","Display Serial Interface","Digitale Schnittstelle zur Anbindung von Displays",
"D","DSN","Diagnose-Software-Nummer. Die Version der Diagnosefunktionalität eines Steuergeräts",,
"D","DSP","Digital Sound Processing",,
"D","DSV","Datensatzverwaltung",,
"D","DTC","Dynamic Traction Control",,
"D","DTC","Diagnostic Trouble Code",,
"D","DtC","Design to Cost",,
"D","DTD","Document Type Definition",,
"D","D-Teil","Bauteil mit dokumentationspflichtigen Merkmalen",,
"D","DTI","Destination and Tour Import",,
"D","DTP","Desk Top Publishing",,
"D","DTS","Dachtransportsystem",,
"D","DUNS","DUNS-Nummer - Data Universal Numbering System: Zahlenschlüssel zur weltweiten, eindeutigen Identifizierung von Unternehmen. Die DUNS-Nummer wird vergeben durch D&B.",,"https://www.dnb.com/de-de/upik.html"
"D","DUT","Device under Test",,
"D","DV","Datenverarbeitung",,
"D","DV","Diagnosevorgaben",,
"D","DV","Dienstvertrag",,
"D","DV","Durchführungsverantwortung",,
"D","DVD","Digital Versatile Disk",,
"D","DVP","Dokumentenverwaltungsprogramm	",,
"D","DVS","Durchschnittlicher Verrechnungssatz",,
"D","DVT","Dienstvertrag",,
"D","DVT","Dienstvertragstätiger",,
"D","DVT","Dienstleistungsvertrag",,
"D","DWA","Diebstahlwarnanlage",,
"D","DWA","Diebstahl Warn Alert",,
"D","DWh","Data Warehouse",,
"D","DXF","Drawing Interchange File Format, Datenformat der Firma Autodesk zum Austausch von CAD-Daten",,
"D","DXM","	OpenDXM, Data Exchange Manager, entwickelt von der PROSTEP AG, CAx Datenaustausch Frontend bei Porsche",,
"D","DYC","Direct Yaw Control",,
"D","DYKO","Dynamische Kommissionierung",,
"D","DZ","Doppelzündung",,
"D","DZA","Digitales Zeichnungsarchiv","LINK FOLGT",
"E","E","Forschung und Entwicklung","LINK FOLGT ",
"E","E&L Vertrag","Entwicklungs- und Lieferantenvertrag",,
"E","E/A","Eingabe/Ausgabe",,
"E","E+L-Vertrag","Entwicklungs- und Liefervertrag",,
"E","E1","Cayenne 1. Generation",,
"E","E1 II","Cayenne 1. Generation Facelift",,
"E","E2","Cayenne 2. Generation",,
"E","E³","End-to-End-Elektronikarchitektur",,
"E","EA","Entwicklungsauftrag",,
"E","EA","Erstausrüster",,
"E","EAI","Enterprise Application Integration",,
"E","EAP","Antriebsprüfstände",,
"E","EAR","Enterprise Archive",,
"E","EAS","Ein-/Auslaufstatus",,
"E","eAWS","Elektrische Aktive Wankstabilisierung",,
"E","EBcable","System zu Beschreibung von Kabelsträngen",,
"E","EBKV","Elektronischer Bremskraftverstärker",,
"E","EBS","Einkaufs-Sachbearbeiter-Schlüssel",,
"E","EBV","Elektronische Bremskraftverteilung",,
"E","EBV","Ersatzteilerstbevorratung",,
"E","EC","European Community (=EG)",,
"E","ECA","Engineering Center Aggregate (Pro/E-Datenverwaltung im Konzern)","LINK FOLGT",
"E","eCall","Call from the end customer to the call center for help in an emergency","(“emergency call”, B-Call, iCall)",
"E","ECC","Elliptic Curve Cryptography",,
"E","ECE","United Nations Economic Commission for Europe",,
"E","ECOS","Electric Check Out System",,
"E","ECS","European Customer Satisfaction",,
"E","ECU","Electronic Control Unit",,
"E","ECU-Variante","Definiert die möglichen Varianten eines Steuergeräts",,
"E","EDC","Electronic Damping Control",,
"E","EDI","electronic data interchange, standardisierte Vernetzung von Geschäftsprozessen",,
"E","eDL","Externe Dienstleister",,
"E","EDL","Entwicklungsdienstleister",,
"E","EDo","Entscheidungsdokumentation",,
"E","EDPD","Emission Data Public Disclosure",,
"E","EDR","Funktion im Fahrzeug zur Aufzeichnung von Unfalldaten (Event Data Recorder, USA)",,
"E","EDS","Elektronische Datenverarbeitung",,
"E","EDV","Elektronische Datenverarbeitung",,
"E","EE-LAP","Elektrik und Elektronik Labor Pilotcenter Montage",,
"E","EEPROM","Electrically Erasable Programmable Read Only Memory",,
"E","EES","Software",,
"E","EFL","Entwicklungs-Fortschrittsliste",,
"E","EFM","Einführungsmodell",,
"E","EFP","Elektronische Fahrwerksplattform",,
"E","EG","Europäische Gemeinschaft",,
"E","EGR","Exhaust Gas Recirculation",,
"E","EH","Einheit(en)",,
"E","EH","Einzelhändler",,
"E","EHB","Elektrohängebahn",,
"E","EHD","VW Enterprise Help Desk - Telefonnummer +49 - 5361 / 9 - 33000	",,
"E","EIN","Einführung",,
"E","EIN","Einlauftermin eines Fahrzeugstruktur-Objekts",,
"E","EIZ","Elektronik-Integrationszentrum",,
"E","EK","Eigenkapital",,
"E","EK","Einzelkosten",,
"E","EK","Einkaufskosten",,
"E","EK","Einkaufskosten",,
"E","EKant","Entwicklungskosten Antrag",,
"E","EKF","Einkaufsfinanzierung",,
"E","EKI","Entkopplungsmodul",,
"E","EKK","Elektronischer Klimakompressor",,
"E","EKL","Entscheiderkreis Logistik",,
"E","E-Kosten","Entwicklungskosten	",,
"E","EKP","Elektrische Kraftstoffpumpe",,
"E","EKQ","Eigenkapitalquote",,
"E","EKR","Einkaufsrichtwert",,
"E","E-Kreis ","Führungskreis im Ressort E",,
"E","EKST","Erstanlieferkostenstelle",,
"E","ELFI","Elektronische Fahrzeugidentifikation in ELSA (VW)",,
"E","ELSA","Elektronisches Service Auskunftssystem (VW)",,
"E","ELV","Elektronische Lenkradverriegelung",,
"E","ELWIS","Elektronisches Werkstatt-Informationssystem (VW)",,
"E","EM","Einführungsmodell",,
"E","EMA","Elektromotorischer Aufroller (Sicherheitsgurt)",,
"E","EMAS","Eco-Management and Audit Scheme","LINK FOLGT",
"E","EMB","Elektromagnetische Beeinflussung",,
"E","EMC","Electromagnetic Compatibility",,
"E","EMI","External Machine Interface",,
"E","E-MJ","Einsatzmodelljahr",,
"E","EMPB","Erstmusterprüfbericht",,
"E","EMS","Einmassen-Schwungrad",,
"E","EMS	","Energiemonitoringsystem",,
"E","EMT","Entwicklungs-Muster-Teile",,
"E","EMT-Runde","ErstMusterTermin-Runde",,
"E","EMV","Elektromagnetische Verträglichkeit",,
"E","EMV	","Elektro-Magnetische-Verträglichkeit",,
"E","EMV-G","EMV-Gesetz",,
"E","eNA","Electronic Nomination Agreement",,
"E","ENA","Electric Nominator Agreement",,
"E","ENDA","Emission-Neutral-Default-Action",,
"E","ENGDAT","Engineering Data Message",,
"E","EOB","End of Business",,
"E","EOBD","European on Board Diagnose",,
"E","EOL","End of Line",,
"E","EOP","End of Production",,
"E","EPA","Environmental Protection Agency",,
"E","E-PAK","Produktarbeitskreis im Ressort E",,
"E","EPB","elektronische Parkbremse",,
"E","EPK","Ereignisgesteuerte Prozesskette",,
"E","EPOG","Einplanungsobergrenze",,
"E","EPS","Electric Power Steering","elektromechanische Servolenkung ",
"E","EPT","Einpresstiefe",,
"E","EQB","Entwicklungs-Qualitäts-Berichtssystem	",,
"E","ERB","Endrohrblende",,
"E","ERP","Enterprise-Resource-Planning	",,
"E","ES","ECU Shared Data",,
"E","ES","Erlösschmälerung",,
"E","ESB","Enterprise Service Bus (GSB, IA)",,
"E","ESC","Electronic Stability Control	","Konzern-Bezeichnung für ESP / PSM",
"E","ESD","Elektrisches Schiebedach",,
"E","ESD","Electrostatic Discharge",,
"E","ESD","Endschalldämpfer",,
"E","ESG","Einschicht-Sicherheitsglas",,
"E","ESL","Entwicklungsstückliste",,
"E","ESL","Electronic Supplier Link (externe Bezeichnung für das STAR System)	",,
"E","ESON","EntwicklungsStücklistensystemONline",,
"E","ESP","Elektronisches Stabilitätsprogramm",,
"E","ESSD","Elektrisches Stahl-Schiebedach",,
"E","ET","Ersatzteil",,
"E","ET","Einpresstiefe",,
"E","ET","Entscheidungstabellen",,
"E","E-Team","Funktion in der ÄKO- und ÄA-Phase: Das E-Team ist verantwortlich für die Verteilung zur Umsetzung von ÄKOs in der Vorserie, für die Verteilung und Konsolidierung der TE-Stellungnahmen während des Serienprozesses, sowie der Verteilung zur Umsetzung.","LINK FOLGT",
"E","ETEAMxx","Entwicklungsteam im Werk xx (Koordinatoren in der TE)","LINK FOLGT",
"E","ETF","Entwurf",,
"E","ETK","Emulatortastkopf",,
"E","ETKA","Elektronischer Teilekatalog (VW)",,
"E","ETL","Elektrotauchlackierung",,
"E","ETRTO","European Tyre and Rim Technical Organisation",,
"E","EU","Europäische Union",,
"E","EU-DSGVO","Europäische Datenschutzgrundverordnung	","Siehe DSGVO",
"E","EU-eCall","EU Emergency Call. Gesetz zu automatisiertem Notruf nach einem Unfall.	",,
"E","EV","ECU-Variante, englisch: ECU-VARIANT ODX Diagnose Layer, beschreibt die Steuergeräte spezifischen Diagnosedaten, unterster Layer der Diagnosebeschreibung",,
"E","EVAP","Evaporative Emission Control System",,
"E","EVG","Einlauf Vorgabe (Datum)",,
"E","EVLS","Elektronisch verstellbare Lenksäule",,
"E","EVT","Earned Value Technique",,
"E","eWBK","Elektronische Wagenbegleitkarte",,
"E","EWG","Europäische Wirtschaftsgemeinschaft",,
"E","EWL","Entwicklung Weissach Logistik",,
"E","EXC","Exclusive",,
"E","EXI","Efficient XML Interchange",,
"E","EXV","Expansionsventil",,
"E","EZ","Erstzulassung",,
"E","EZ","Eingriff Zündung (gehört zu neuer ABD + ASR Funktion)",,
"E","EZB","Eingriff Zündung Bremse (gehört zu neuer ABD + ASR Funktion)",,
"E","EZS","Elektronisches Zündschloss",,
"E","EZW","Entwicklungszentrum Weissach","LINK FOLGT",
"F","F","Finanzen und IT","LINK FOLGT",
"F","F+E","Forschung und Entwicklung",,
"F","F+E","Forschung und Entwicklung",,
"F","FAB","Feinabruf sortenrein",,
"F","FaBr","Fachbereich",,
"F","FAKRA","Fachnormenausschuss Kraftfahrzeugindustrie",,
"F","FAL","Frontend Abstraction Layer (-->GsFAL)",,
"F","FAM","Fahrzeug-Anforderungsmanagement",,
"F","FAM","Fahrzeug-Architekturmappe	","Konzern-Tool zur Dokumentation der EE-Architektur",
"F","FAM","Fahrzeug-Aggregate-Management","IT-Tool ist das Quellsystem für Motor- und Getriebedaten sowie für Daten der HV-Batterie im Konzern","https://group-wiki.wob.vw.vwg/wikis/display/famwiki/Willkommen+auf+der+Startseite+des+FAMwiki"
"F","FAP","Fahrzeug Analyse Protokoll",,
"F","FAP","Fehlerabstellprozess",,
"F","FAQ","Frequently Asked Question",,
"F","FAS","Fahrerassistenzsystem",,
"F","FaSi","Fachkraft für Arbeitssicherheit",,
"F","Fax","Telefax",,
"F","FAZIT","Fahrzeug Auskunfts- & Zentrales Identifikations Tool",,
"F","FB","Fachbereich",,
"F","F-BA","Fremdbezugsart",,
"F","FBS","Federbandschelle",,
"F","FB-Vertreter","Fachbereichs-Vertreter",,
"F","FBVK","Fachbereichübergreifende Verknüpfung (im PÄM)",,
"F","FC","Forecast",,
"F","FC","Fuel Consumption",,
"F","FCKW","Fluorchlorkohlenwasserstoff",,
"F","FDD","Fahrzeugdetektion bei Dunkelheit	",,
"F","FDR","Fahrdynamikregelung",,
"F","FDS","Fließlochformendes Schrauben (flow drill screw)",,
"F","FDS","Flow Drill Screw - Fließlochformende Schraube (wird gerne in der Produktion verwendet und ohne Vorbohren in Vollmaterial gebohrt",,
"F","FE","Finite Elemente	","Berechnungsverfahren bei der Festkörpersimulation, z.B. für Festigkeitsberechnungen",
"F","FE","Fuel Economy",,
"F","FEDV","Fuel Economy Data Vehicle",,
"F","Feelgood-Manager",,"Einsatz in umkämpften Branchen zur Sicherung talentierter Mitarbeiter",
"F","FEFO","Fertigungsfortschritt",,
"F","FEFO-System","Fertigungsfortschritt-Verfahren: Der zeit- und mengenmäßige Feinabruf erfolgt auf Basis der tatsächlich geplanten oder schon auf dem Band befindlichen Fahrzeuge in der entsprechenden Reihenfolge",,
"F","FEK","Fertigungseinzelkosten",,
"F","FELM","Fähigungsgerechter Einsatz leistungsgeminderter Mitarbeiter	",,
"F","FEM","Finite Elemente Methode",,
"F","FEMFAT","Finite Elemente Methode Fatigue	","Software für Betriebsfestigkeits-Berechnungen",
"F","FEP","Fabrikentstehungsprozess",,
"F","FEP","Fahrzeugentwicklungsprozess","LINK FOLGT",
"F","FES","Funktionseinheiten Schlüssel",,
"F","FF","Fast Forward",,
"F","FFZ","Flurförderzeug (Gabelstapler)",,
"F","FG","FachGruppe (z.B. Aggregate, Fahrwerk..)",,
"F","FGK","Fertigungsgemeinkosten",,
"F","FGS","Fußgängerschutz",,
"F","FH","Fensterheber",,
"F","FH","Fachhochschule",,
"F","FIN","Fahrzeug-Identnummer",,
"F","FIONA","Freigabe Informationen Online Analysieren",,
"F","FIP","Freigabeprozess Informationsplattform",,
"F","FIPG","formed in place gasket",,
"F","FIS","Fertigungssteuerung",,
"F","FK"," Fremdkapital",,
"F","FKM","Fahrzeugkonzeptmanagement	",,
"F","FKQ","Fremdkapitalquote",,
"F","FKT","Farbkombinationstafel",,
"F","FKT","Fachausschuss Kraftfahrzeugtechnik",,
"F","FKÜ","Freie Kraftfahrzeugüberwachung	",,
"F","FL","Facelift",,
"F","FL","Finance Lease",,
"F","FLA","Fernlichtassistent",,
"F","FLAP","Flashcenter",,
"F","FLC","Forming Limit Curve, durch Kurve gezeigte Formänderung des Materials",,
"F","FlexRay","serielles, deterministisches und fehlertolerantes Feldbussystem",,
"F","FLR","Fertigungsleitrechner",,
"F","FM","Frequenzmodulation",,
"F","FM","Funktionsmaß",,
"F","FMEA","Fehlermöglichkeit und Einfluss-Analyse / Failure Mode and Effects Analysis",,
"F","FMEDA","Failure Modes, Effects and Diagnostic Analysis",,
"F","FMH","Free Motion Headform",,
"F","FMK","Forum Materialkosten",,
"F","FMK","Funktionsmaßkonzept",,
"F","FMM","Fahr Modus Manager",,
"F","FMVSS","Federal Motor Vehicle Safety Standard",,
"F","FNS","Frontend Notification Service (--> PNS)",,
"F","FOD","Function On Demand",,
"F","FoGs","Fahrzeugorientierte Grobstruktur",,
"F","FP","Finanzplanung",,
"F","FPI","Fuel Price Information (Business Dienst)",,
"F","FPK","Fertigungspersonalkosten	","Fertigungszeit x Stundensatz",
"F","FPL","Fachprojektleiter",,
"F","FRE","Frühester Einlauf (Datum)",,
"F","FRG","Freigabe","Rechtverbindliche Dokumentation von Bauteilverwendungen. Dokumentation des Entwicklungsstands einer Sachnummer. Anstoß / Berechtigung für die Einleitung / Durchführung von Folgeaktivtäten.",
"F","FSI","Freigabe-Stücklisten-Informationssystem",,
"F","FSI","Fuel Stratified Injection (Direkteinspritzung)",,
"F","FSL","Fertigungsstückliste",,
"F","FSP","fachliche Systemspezifikation",,
"F","FSPE","Fehlerspeichereintrag",,
"F","FSR","Fahrstabilitätsregelung",,
"F","FSS","Fondseitenscheibe",,
"F","FST","Fahrzeugstruktur",,
"F","FsVBV","	Fahrzeug spezifische VBV Reduzierung der Fahrzeugprojekt-spezifischen VBV auf ein Einzelfahrzeug oder für einen spezifischen Verwendungszweck (z.B. Sommerfahrt, Pressefahrzeuge) (Begriff im VW-Konzern)",,
"F","FT","Fördertechnik",,
"F","FTA","Failure Tree Analysis",,
"F","FTA","Free-Trade-Agreement",,
"F","F-TAB","Freigabetabelle Steuerung von Zieldatencontainern für die Produktion (VW-Konzern)",,
"F","FTE","Full Time Equivalent / Employee",,
"F","FTF","Fahrerloses Transportfahrzeug",,
"F","FTL","Full Truck Load",,
"F","FTP","Federal Test Procedure",,
"F","FTP","File Transfer Protocol",,
"F","FTP","Function Test Portal (--> VTP)",,
"F","FTS","Fahrerloses Transportsystem",,
"F","FTT","First Time Through (Direktläuferquote)",,
"F","FuKa","Funktionskatalog",,
"F","FuKo","Funktions-Konzept",,
"F","FuLi","Funktionsliste",,
"F","FUMA","Funktionsmaß",,
"F","FUMAKA","Funktionsmaßkatalog",,
"F","FuSi","Funktionale Sicherheit",,
"F","FV","Fertigungsvorbereitung",,
"F","FV","Funktionsvariante",,
"F","FWD","Front Wheel Drive",,
"F","FWD","Four Wheel Drive",,
"F","FWS","Fahrwerkprüfstand",,
"F","FZA","Fahrzeugauftragsauflösung",,
"F","F-Zeiten","Fertigungszeiten",,
"F","FZG","Fahrzeug",,
"F","FZP","Fahrzeugprojekt",,
"G","G","Geschäftsleitung","LINK FOLGT ",
"G","G&R","	Gefahren- und Risikoanalyse	",,
"G","G+W","Garantie und Wartung",,
"G","G+W","	Garantie und Wartung",,
"G","G1","Interne Entwicklungsbezeichnung der Baureihe Panamera",,
"G","G1 II","Panamera 1. Generation Facelift",,
"G","GA","Gesellschafterausschuss",,
"G","GADH","Gewichtsaustausch Deutscher Hersteller",,
"G","GAL","Geschwindigkeitsabhängige Lautstärke",,
"G","GAO","Gefahrenabwehrorganisation	","LINK FOLGT",
"G","GAS","	Generative Assembly Structural Analysis, Erweiterung der Fähigkeiten von GPS auf Zusammenbauten (Assemblies)",,
"G","GAS-TI","Globales Anfrage System - technische Informationen (VW-System)",,
"G","GB","Gefahrgutbeauftragter","LINK FOLGT ",
"G","GBB","Grenzbetriebsbedingungen	","LINK FOLGT ",
"G","GBE","Gesamtbetriebserlaubnis",,
"G","GbR","Gesellschaft bürgerlichen Rechts",,
"G","GBT","Herstellercode gemäß chinesischer Behörde",,
"G","GC","Hauptabteilung Compliance der PAG	",,
"G","GDG","Generation Data Group",,
"G","GDL","Gas Discharge Lamp",,
"G","GDP","Gross Domestic Product",,
"G","GE","Gesamterlöse",,
"G","GE","Gewichtsherkunftskennzeichen oder Gewichtsermittlungskennzeichen	",,
"G","GEO","GEOfancing	","Business Dienst",
"G","GEP ","Geschäftsentwicklungsplan",,
"G","GeSi","	Gebrauchssicherheit",,
"G","GEVK","Verknüpfung zum gemeinsam Einsatz (im PÄM)",,
"G","GewIS","Gewichts-Informationssystem",,
"G","GF","	Geschäftsführer / Geschäftsführung	",,
"G","GFF","	Gesamtfahrzeug-Freigabe",,
"G","GFK","	Glasfaserverstärkter Kunststoff	",,
"G","GG","Gesamtgewicht",,
"G","GG","	Gefahrgut","LINK FOLGT ",
"G","GGT","Gas Guzzler Tax",,
"G","GHG","	Greenhouse Gas Emissions Standards",,
"G","GHK","Gewichtsherkunftskennzeichen",,
"G","GHV","Gurthöhenverstellung",,
"G","Gi","	Gummi",,
"G","GiK","Griff in die Kiste",,
"G","GIM","Global Investory Management",,
"G","GIS","	Gefahrgutinformationssystem","LINK FOLGT",
"G","GIS","	Geoinformationssystem",,
"G","GIT","Gesamt-Integrationstest",,
"G","GJ","	Geschäftsjahr",,
"G","GJP","	Geschäftsjahresplanung",,
"G","GK","	Gemeinkosten",,
"G","G-KAT","Geregelter Katalysator",,
"G","G-KAT","Geregelter Katalysator",,
"G","GKM","	Geimeinkostenmaterial",,
"G","GLAS","	Gebietsleiter Aftersales	",,
"G","GLCS","	Geschäftstelle Luftschnittstelle Core Services",,
"G","GLT","Großladungsträger",,
"G","GLV","Geschlossene Luftversorgung",,
"G","GmbH","	Gesellschaft mit beschränkter Haftung",,
"G","GMOD","Geschäft-MOD	","Flottendienste",
"G","GMT","Großmontageträger",,
"G","GMU","	Gurtmetallumlenker",,
"G","GO","	Geschäftsordnung",,
"G","GOAT","	Global Administration Tool (KPI-Benutzerverwaltungstool)",,
"G","GoB","	Grundsätze ordnungsgemäßer Buchführung",,
"G","GOG","Global Order Guide --> PCCD	",,
"G","GOM","	Geometrisch-optische Messtechnik / auch Produktnamen für System	",,
"G","GPH","	Gewichtsplatzhalter	",,
"G","GPL","	Gesamtprojektleiter",,
"G","GPM","	Geschäftsprozessmodellierung",,
"G","GPM","	Global Process Manager",,
"G","GPS","	Generative Part Structural Analysis, Struktur- und Modal-Analyse bei Teilen (Parts)",,
"G","GPS","	Global Positioning System",,
"G","GQ","General Quality",,
"G","GR","	Hauptabteilung Recht der PAG",,
"G","GR","	Golden Rules",,
"G","GRA","	Geschwindigkeit-Regelungsanlage	",,
"G","GRC","Governance, Risk, Compliance",,
"G","GRC","Global Reference Client	","Standard-Software-Paket für Konstruktionsanwendungen im VW-Konzern",
"G","GRL","Gesellschaftsrichtlinie",,
"G","GS","	Gebrauchsstand",,
"G","GS","Geprüfte Sicherheit",,
"G","GS","	Gutschrift",,
"G","GSB","Group Service Bus",,
"G","GsFAL","Geschäftsstelle Frontend Abstraction Layer",,
"G","GSG","	Grundsteuergerät (VW-Konzern)",,
"G","GSM","	Global System for Mobile Communication",,
"G","GSM","Group Staff Meeting",,
"G","GSP","	Generalstrukturplan",,
"G","GT","	Gleichteil",,
"G","GT","	Gran Turismo",,
"G","GTM","Gleichteilemanagement",,
"G","GTÜ","	Gesellschaft für Technische Überwachung",,
"G","GTVK","	Gleichteilverknüpfung (im PÄM)	",,
"G","GUI","	Graphical User Interface bzw. grafische Benutzeroberfläche",,
"G","GuK","Garantie und Kulanz",,
"G","GuV","	Gewinn- und Verlustrechnung",,
"G","GV","	Geschäftsbereich Vertrieb",,
"G","GVO","	Gruppenfreistellungsverordnung",,
"G","GVP","	Gesamtfahrzeug-Verbundreleaseplanung",,
"G","GW","	Gewährleistung",,
"G","GW","Gebrauchtwagen",,
"G","GwB","	Geldwäschebeauftragter",,
"G","GWG","	Geringwertige Wirtschaftsgüter",,
"G","GWM","	Gewichtsmanagement",,
"G","GWS","	Gewährleistungssatz",,
"G","GWZ","Gewichtssteuerkennzeichen",,
"H","H2R","Hire-to-Retire ","E2E-Prozess: von der Mitarbeitereinstellung zum Mitarbeiteraustritt ",
"H","HA","Hinterachse",,
"H","HA","	Hauptabteilung",,
"H","HA","	High Availability",,
"H","HAF","hochautomatisiertes Fahren	",,
"H","HAG","Hinterachsgetriebe",,
"H","HAL","	Hauptabteilungsleiter",,
"H","HAL","	Hinterachslenkung",,
"H","HAT","	Hochtemperatur",,
"H","HB","	Handbuch",,
"H","HBL","	Hochbelastungslauf",,
"H","HBL","	Hochgesetzte Bremsleuchte",,
"H","HBM","	Hauptbetriebsmittel",,
"H","HBT","Handbuch Technik (Reparaturleitfaden)	",,
"H","HBZ","	Hauptbremszylinder",,
"H","HC","	Heading Control",,
"H","HC","	Kohlenwasserstoff",,
"H","HD","	Heavy Duty",,
"H","HDBT","Hauptdatenbereitstellungstermin	",,
"H","HDPE","High Density Polyethylene",,
"H","HDSG","Heckdeckel-Steuergerät",,
"H","HEV","Hybrid Elektric Vehicle",,
"H","HF","	Hochfrequenz",,
"H","HFM","Heißfilm-Luftmassenmesser",,
"H","HFS","	Hochfester Stahl",,
"H","HG","	Härtegrad",,
"H","HHG","	Handhabungs-Gerät",,
"H","HiFi","	High Fidelity",,
"H","HiWa","	Hinterwagen",,
"H","HK","	Herstellungskosten",,
"H","HKD","	Handschuhkastendeckel",,
"H","HKZ","	Hochspannungs-Kondensatorzündung	",,
"H","HL","	Hauptabteilungsleiter",,
"H","HLB","	heute Lieferbeziehung",,
"H","HM","	Hausmitteilung",,
"H","HM","	Herstellmaß",,
"H","HMI","Human-Machine-Interface (Mensch-Maschine-Schnittstelle)",,
"H","HMU","	High Main Unit",,
"H","HO","	Handelsorganisation",,
"H","HOD","	Host-On-Demand (3270 via Web)",,
"H","HOST","	Großrechner",,
"H","HP","	High Performance",,
"H","HP","	Horse Power",,
"H","HP","	High Pressure",,
"H","HPS","Hydraulic Power Steering",,
"H","HRL","Hochregal-Lager",,
"H","HS","Hochspannung",,
"H","HSA","	Heiße Seite außen",,
"H","HSB","	Hauptsicherungsbox",,
"H","HSD","Hauptschalldämpfer",,
"H","HSF","Hardware-/Software-Freeze",,
"H","HSK","	Handschuhkasten",,
"H","HSK","	Herstellerkennzeichen	  ","3-stellige Kennung für die Lieferantenstandorte (VW-Konzern)  Synonym: Herstellercode",
"H","HSN","	Halbhohlstanznieten",,
"H","HSO","	Heiße Seite oben",,
"H","HSV","	Händler- und Service Vertrag",,
"H","HSW","	  Hauptscheinwerfer  Heckscheibenwischer",,
"H","HT","	Hochtemperatur",,
"H","HTI","	Hughes Telematics International",,
"H","HTML","	Hyper Text Markup Language",,
"H","HTTP","Hyper Text Transfer Protocol",,
"H","HU","Hauptuntersuchung",,
"H","HU","	Head Unit",,
"H","HUB","Umschlagplatz für Logistik",,
"H","HUD","Head Up Display",,
"H","HV","Hochvolt",,
"H","HV","Hochvolt",,
"H","HVAC","Heating, Ventilation, Air Condition",,
"H","HVB","Hochvoltbatterie",,
"H","HVEM","Hochvoltenergiemanagement","HV Leistungskontingentierung | HV Energiekontingentierung | Triggerung autonomer HV-Betriebszustände",
"H","HVK","Hochvoltkoordinator","HV-Netzaktivierung/ -Deaktivierung | HV Fehlerreaktionsmatrix | Aktivierung HV-Warnmeldungen und FSP",
"H","HW","	Hardware",,
"I","i.O.","	In Ordnung",,
"I","I/O","	Input/Output",,
"I","IA","	Abkürzung für Innenausstattung",,
"I","IA","	Integration Architecture",,
"I","IAA","Internationale Automobilausstellung	",,
"I","IAA","	Identifizierung, Authentifizierung und Autorisierung",,
"I","IAS","	International Accounting Standards",,
"I","IB","	Inbetriebnahme",,
"I","IBD","	Inbound Dispatcher",,
"I","IBK","	Inbetriebnahmeklausur	",,
"I","IBM","International Business Machines	",,
"I","IBN","Inbetriebnahme",,
"I","IBNA","Inbetriebnahmeanweisung",,
"I","iBooster","	elektromechanischen Bremskraftverstärker",,
"I","IBT","Innerbetrieblicher Transport",,
"I","IBW","	Im Birkenwald	","vgl. Standortbeschreibungen",
"I","iCall","Call from the end customer to the call center for information",,
"I","ICC","	Internet Car Configurator",,
"I","ICCPD","	Porsche Universalladekabel",,
"I","ICCT","Internation-Council-On-Clean-Transportation",,
"I","ICE","Internal Combustion Engine",,
"I","ICEM","	Integrated Computer-aided Engineering and Manufacturing, ICEM Surf; Class A-Oberflächen-Modellierung, Oberflächenanalyse und Visualisierung",,
"I","ICI","	Independant Commercial Importer	",,
"I","ICL","Interior Communication Light",,
"I","ICV","	Industrial Computer Vision (DPP Use Case)",,
"I","ID","Identifizierung	",,
"I","IE-RL","Industrieemissions-Richtlinie","LINK FOLGT ",
"I","IFRS","	International Finance Reporting Standards",,
"I","IGES","	Initial Graphics Exchange Specification	","Neutrales, herstellerunabhängiges Datenformat zum Austausch von CAD-Daten",
"I","IH","	Instandhaltung",,
"I","I-Kosten","	Investitionskosten",,
"I","IKP","	Interessenten Kontakt Programm	",,
"I","IKS","	Internes Kontrollsystem",,
"I","IKT","	Informations und Kommunikationstechnik",,
"I","IM","Incident Management","""Incident Management"" verwaltet alle Incidents (Störungen) über ihren gesamten Lebenszyklus. Das primäre Ziel dieses ITIL-Prozesses besteht darin, einen IT Service für den Anwender so schnell wie möglich wieder herzustellen.",
"I","IMDS","International Material Data System",,
"I","IMDS-IS","	Internationales Material Daten System-Inhouse System",,
"I","IMEI","International Mobile Station Equipment Identity",,
"I","IMP","	Implementierung",,
"I","IMPOS II","System-Fertigungszeiten Abbildung	",,
"I","IMS","Hierarchische Datenbank",,
"I","IMS","	Hierarchische Datenbank",,
"I","IMSI","	International Mobile Subscriber Identity (GSM term)",,
"I","INCA","	Mess-, Kalibrier- und Diagnosesoftware",,
"I","INKA","Ingolstädter Korrosions- und Alterungstest",,
"I","Innovation Hubs",,"Arbeitsplätze wie auch Treffpunkte für Entwickler/ Wissenschaftler/Unternehmer/ Kreative. Hier werden Ideen entwickelt/ ausgetauscht.",
"I","I-Nr.","	Individualausstattungs-Nummer	","vgl. M-Nr.",
"I","I-Nr.","Frei wählbare Sonderausstattung",,
"I","INS","Inertial Navigation System",,
"I","IoT","Internet of Things",,
"I","IP","	Internet Protocol",,
"I","IPA","	Intelligent Park Assist",,
"I","IPAS","	Integriertes Porsche Händler-Abwicklungssystem",,
"I","IPB","	Inbetriebnahme- und Prüfbeschreibung",,
"I","IPB","Integrated Power Box",,
"I","IPB","Integrated Power Box",,
"I","IPL","	International Porsche Locator",,
"I","iPORT","	integrated Porsche Reporting Tool",,
"I","IPS","Informations- und Publikations-System",,
"I","IPTM","	Internationales Produkt-Management-Team (Selection)",,
"I","IQS","	Initial Quality Study (J.D. Power)	",,
"I","IR","	Infrarot",,
"I","IRÜ","Innenraumüberwachung",,
"I","IS","	Informationssystem",,
"I","IS","	Integrationsstufe	","Audi-Bezeichnung für best. Fahrzeug-Entwicklungsstand",
"I","ISDN","	Integrated Services Digital Network	",,
"I","ISMS","	Informationssicherheitsmanagement",,
"I","ISO","International Standards Organization",,
"I","IsoFix","	Kinderrückhaltesystem-Befestigung",,
"I","ISS","	Informationssysteme-Steuerkreis	","LINK FOLGT",
"I","ISW","	Informationssystem-Workshop	","LINK FOLGT",
"I","ITD2S","IT Demand-to-Solution ","E2E-Prozess: vom IT-Bedarf zur digitalen Lösung ",
"I","ITF (-Check)","Interference",,
"I","ITIL","Information Technology Infrastructure Library","ITIL (heute nur mehr als Akronym in Verwendung) ist ein Best-Practice-Leitfaden und der De-facto-Standard im Bereich IT-Service-Management.","https://de.wikipedia.org/wiki/Configuration_Management_Database"
"I","ITSM","IT Service Management",,
"I","ITU","Integrierte Test Umgebung",,
"I","IVET","Porsche Innovations- und Vorentwicklungstag",,
"I","IVORY","	object-orientied framework for physics-based infomation visualization, Middleware zwischen GUI und Businesslogik auf dem Host",,
"I","iWAS","	Integriertes Werkstatt-Abwicklungs-System",,
"I","IWR","Inertial Work Rating",,
"I","IWT","innerer Wärmetauscher",,
"J","JA","Jahresabschluss",,
"J","JCA","Joint-Controller-Agreement",,
"J","JDK","Java Development Kit (GUI-Oberflächen-Entwicklung)",,
"J","JIS","	Just-In-Sequenz",,
"J","JIT","Just-In-Time",,
"J","JNDI","Java Naming and Directory Interface	",,
"J","JSF","JavaServer Faces",,
"J","JSP","	JavaServer Page",,
"J","JT","	Jupiter Tesselation, 3D Format für Viewing/Mock-Up Zwecke und für das Austauschen von exakter Geometrie als BREP, entwickelt von Fa. UGS, 2007 von Siemens PLM Software aufgekauft.","LINK FOLGT",
"J","JZV","	Jahreszielvereinbarung",,
"K","K3","	Kostenverfolgung für Bauprojekte",,
"K","KA","Klimaanlage",,
"K","KA","Konzept-Anstoß",,
"K","KA","	Kreditausschuss",,
"K","KA","Kundenauslieferung",,
"K","KÄA","	Kostenänderungsantrag","LINK FOLGT",
"K","KAF","Konzern Abnahmefahrt",,
"K","KAF","Kostenausgleichsfaktor	","Mehrkosten für eine Veränderungsmaßnahme, Einheit €/kg",
"K","KAK","Konzern Arbeitskreis",,
"K","KANBAN","Methode zur Produktionssteuerung, Orientierung an tatsächlichem Verbauch von Materialien am Bereistell - und Verbrauchsort",,
"K","KBA","	Kraftfahrt-Bundesamt",,
"K","KBA","Kamera-basierte Assistenzsysteme	",,
"K","KBM","Kleinbetriebsmittel",,
"K","KBP","	Kunden-Betreuungs-Prozess",,
"K","KBS","Konstruktions-Sachbearbeiter-Schlüssel	",,
"K","KD","	Kundendienst",,
"K","KDBT","Konzeptdatenbereitstellungstermin",,
"K","KE","	Konzeptentscheid	","Meilenstein im PEP",
"K","KEF","Kundenersatzfahrzeug",,
"K","KEFA","	freigebende Bereiche der Entwicklung (Karosserie, Elektrik, Fahrwerk, Aggregate)",,
"K","KEFAG","	Karosserie-Elektrik-Fahrwerk-Antrieb-Gesamtfahrzeug",,
"K","KEP","Kurier, Express, Paket",,
"K","KESSEY","Keyless Entry System",,
"K","KF","Kundenfahrzeug",,
"K","KFF","Kundenfahrzeugfunktion",,
"K","KFG","	Kraftfahrzeuggesetz (Österreich)",,
"K","KFL","Kaufmännischer Leiter",,
"K","KFL","Kurzfristleaser",,
"K","K-FMEA","Konstruktions-FMEA",,
"K","K-FMEA","Konstruktions-FMEA",,
"K","KfV","Kuratorium für Verkehrssicherheit",,
"K","KfZStG","Kraftfahrzeugsteuergesetz",,
"K","KG","Kurbelgehäuse",,
"K","KGBuP","Konzeptgespräch Baukasten und Plattform",,
"K","KGH","Konzept Gleich Heit",,
"K","KIS","Kunden-Informations-System",,
"K","KK","Kontokorrent",,
"K","KKB","Kunststoffkraftstoffbehälter",,
"K","KKH","Kommunikationskreis Kunde & Handel	",,
"K","KKP","	Kunde-Kunde-Prozess",,
"K","KKP","	Kunden-Kontakt-Programm",,
"K","KL","	Kunstleder",,
"K","KLGL","	Kleinsträumige Gliederung",,
"K","KLK","Kühlluftklappen",,
"K","KLS","	kosten-lieferantenspezifisch",,
"K","KLSM","Kombilenkstockmodul",,
"K","KLT","Kleinladungsträger",,
"K","KM","	Kühlmittel",,
"K","KNAB","Knieairbag",,
"K","KoBoMoBo	","KolbenBolzenMontageBohrung	","hat jeder Boxer-Motor",
"K","KoTr","Kostenträger",,
"K","KoVOMo	","Konzern-V-Otto-Motor(en)",,
"K","KoZo","Kommissionierzone",,
"K","KP","	Kaufpreis",,
"K","KP","Konferenzpauschale",,
"K","KPA","Kaufpreisanalyse",,
"K","K-PDM","Konzern-Produktdatenmanagement",,
"K","KPI","Key Performance Indicator",,
"K","KPL","Kommissionierplatz",,
"K","KPM","Konzernproblemmanagement",,
"K","KPS","	Kleinprojektspezifikation",,
"K","KRIAS","Kreditoreninformations- und Abrechnungssystem",,
"K","KRL","Konzernrichtlinie",,
"K","KrWG","	Kreislaufwirtschaftsgesetz","LINK FOLGT",
"K","KS","	Komponentenschutz",,
"K","KSE","KSE ist die Konstruktionsdaten-Erfassung im KVS","LINK FOLGT ",
"K","KSK","Konzernsteuerkreis","LINK FOLGT ",
"K","KSt","	Kostenstelle",,
"K","KSWT","Kleinserienwerkzeug",,
"K","KT","	Kernteam",,
"K","KTÄ","Konzern-Team-Änderungsmanagement","LINK FOLGT",
"K","KTL","Kathodische Tauchlackierung	",,
"K","KTL","Kleinteile-Lager",,
"K","KTM","	Kernteam Meeting",,
"K","KTN","Kleinteile-Nachschub",,
"K","KTP","	Kraftfahrtechnische Prüfstelle",,
"K","KTZ","Kleinteilezentrum",,
"K","KV","	Kraftstoffverbrauch",,
"K","KV","	Kraftverkehr",,
"K","KVA","	Kostenverrechnungsantrag	","LINK FOLGT",
"K","KVA","Kraftstoffversorgungsanlage",,
"K","KV-ÄKO","	Kostenverrechnung-Änderungskontrolle	","LINK FOLGT ",
"K","KVP","Kontinuierlicher Verbesserungsprozess	","Definierter Schleifenprozess zur kontinuierlichen Weiterentwicklung und Verbesserung der Produkt-, Prozess- und Servicequalität.",
"K","KVS","	Kundenverrechnungssatz",,
"K","KVS; (Hyper-)","KonstruktionsdatenVerwaltungsSystem (HyperKVS)","LINK FOLGT ",
"K","KVV","	Kontruktionsverwaltungsvereinbarung	",,
"K","KW","	Kurbelwelle",,
"K","KW","	Kurzwelle",,
"K","KW","	Kilo Watt",,
"K","KW","	Kalenderwoche",,
"K","KWAB","	Kühlwasserausgleichsbehälter",,
"K","KWR","	Kühlwasserrohr",,
"K","KWS","	Kühlwasserschlauch",,
"K","KWS","	Knickwinkelsensor",,
"K","KZ","	Kennzeichen",,
"L","LAB","	Lieferabruf",,
"L","Labo","Laborberichte der Werkstofftechnik	",,
"L","LAF","Leistungsanforderung",,
"L","LAH","	Bauteile-Lastenheft",,
"L","LAK","Länderausschuss Technische Kraftfahrzeugüberwachung",,
"L","LAN","	Local Area Network",,
"L","LAS","Leiter After Sales",,
"L","LAW","	Liefer-Abwicklungs-Nummer (für variantenreiche ZSBs)",,
"L","LB","Lagerbestand",,
"L","LB","	Leistungsbeschreibung	",,
"L","LCA","	Life Cycle Assessment	",,
"L","Lcable","	System zu Beschreibung von Kabelsträngen",,
"L","LCD","	Liquid Cristal Display",,
"L","LCM","	Light Control Module",,
"L","LD","	Light Duty",,
"L","LDL","	Logistischer Dienstleister",,
"L","LE","Ladeeinheit",,
"L","LEA","Lieferanten Entscheidungs Ausschuss",,
"L","LED","	Light Emitting Diode",,
"L","LEG","	Lufteinlassgitter",,
"L","LEP","	Lieferanten Entwicklungs Prozess	",,
"L","LEV","	Low Emitting Vehicle",,
"L","LF","	Lagerfahrzeug",,
"L","LF","	Launch-Freigabe",,
"L","LFG","Leiter Fachgebiet",,
"L","LFR","	Leerlauffüllungsregelung",,
"L","LFZ","Laufzeitverlängerung",,
"L","LGO","	Lagerort",,
"L","LH","	Lastenheft",,
"L","LHM","Ladehilfsmittel",,
"L","Lima","	Lichtmaschine",,
"L","LIP","Lieferanten Integrationsprogramm",,
"L","LIS","	Ladeinfrastruktur",,
"L","LISO","Local Information Security Officer (ISMS)",,
"L","LISON","Ladungsträgermanagement- und Informationssystem Online: bietet die Vollständige Abwicklung aller Aufgaben/Funktionen zum Ladungsträger",,
"L","LIVAS","	Literatur Verwaltungs- und Archivierungs-System (VW)",,
"L","LK","	Leistungsklasse",,
"L","LK","Lenkungskreis",,
"L","LKK","Lenkungskreis Kundenzufriedenheit	",,
"L","LKQ","Lenkungskreis Qualität",,
"L","LKS","	Luftklappensteuerung",,
"L","LL","	Linkslenker",,
"L","LL","	Leerlauf",,
"L","LL","	Lessons Learned",,
"L","LLK","	Ladeluftkühler",,
"L","LM","	Leichtmetall",,
"L","LMM","	Luftmassenmesser	",,
"L","LMP","	LeMans Prototyp",,
"L","LMV","	Linear-Magnetventil",,
"L","LNG","	Liquid Natural Gas",,
"L","Logfile","	Datei, in der Änderungen und Abläufe protokolliert werden",,
"L","LogOS","	Logistisches Operating System	",,
"L","LOI","	Letter of Intent	","Absichtserklärung",
"L","LOP","	Liste offener Punkte",,
"L","LP","Low Pressure",,
"L","LPG","	Liquid Petrol Gas",,
"L","LR","	Long Range",,
"L","LRP","	Long Range Planning",,
"L","LRR","	Long Range Radar",,
"L","LRV","	Luftreinhalteverordnung",,
"L","LS","	Lieferschein",,
"L","LS","Lehrsaal",,
"L","LS / LST","	Lieferstufe",,
"L","LSA","	Leicht-Stabil-Agil Konzept",,
"L","LSC","Logistik Service Center",,
"L","LSD","Limited Slip Differential",,
"L","LS-DYNA","	CAE-Preprozessor",,
"L","LSI","luftspaltisoliert (Krümmer)",,
"L","LST","Lieferstufe",,
"L","LT","	Ladungsträger",,
"L","L-Teil ","lebenswichtiges Teil",,
"L","L-Teil","lebenswichtiges Teil  auch: Lieferumfang-Teil (kurz: Liefer-Teil)",,
"L","LTIK","Lichttechnisches Institut der Universität Karlsruhe",,
"L","LTR","	Low Temperature Radiator	","NT (Niedertemperatur)-Kühler",
"L","LUIS","Logistisches Umweltinformationssystem/ Berechnungstool CO2",,
"L","LUK","Lamellen und Kupplungsbau",,
"L","LUP","	Langfristige Unternehmensplanung",,
"L","LVDS","	Low Voltage Differential Signaling",,
"L","LVM","Low Volume Manufacturer",,
"L","LVR","Lagerplatzverwaltung",,
"L","LVR","Lager Verwaltungsrechner",,
"L","LW","	Langwelle",,
"L","LWB","Long Wheel Base",,
"L","LWL","	Lichtwellenleiter",,
"L","LWR","Leuchtweitenregulierung",,
"L","LWRT","	Lightweight Reinforced Thermoplastics",,
"L","LWS","	Lenkwinkelsensor",,
"L","LWS","Latentwärmespeicher",,
"L","LZV","	Laufzeitverlängerung",,
"M","M","Maintenance",,
"M","M","	Personal- und Sozialwesen",,
"M","MA","	Mitarbeiter",,
"M","MAB","Margenausführungsbestimmungen	",,
"M","MAB","	Modularer Antriebsbaukasten",,
"M","MAC","	Multi Activity Cruiser",,
"M","MAF","Marke Abnahmefahrt",,
"M","Mafo","Materialfortschritt",,
"M","MAG","	Metall Aktivgas Schweißen",,
"M","MAK","Maximale Arbeitsplatzkonzentration",,
"M","MAK","	Modularbeitskreis (Gremium)	",,
"M","MAK","	Marktarbeitskreis",,
"M","MAL","Marketing Auftragsleistung",,
"M","Mareveda","market-relevant vehicle data (martkspezifische Fahrzeugdaten)",,
"M","MARLIS","Datenbank zur Aufbereitung von CAE-Werkstoffdaten",,
"M","MAT24","	LS-DYNA Materialgesetz 24",,
"M","Matlab","	Software zur Durchführung mathematischer Berechnungen (Fa. Mathworks)",,
"M","MBB","Modularer Backend Baukasten	",,
"M","MBC","	MB-Connect (Modellbeschreibung-Connect)",,
"M","MBT","Modell Beschreibung Technik (VW-Konzern IT-System)",,
"M","MC","	Mobile Client",,
"M","MC","	Mikrocomputer",,
"M","MCR","	Maschinenlesbare Codier-Regeln",,
"M","MD","	Minidisk",,
"M","MD","Managing Director",,
"M","MD","	Medium Duty",,
"M","MDF","Maskiertes Dauerfernlicht",,
"M","MDK","Materialdickenkombination",,
"M","MDLWSL","	Abkürzung f. Modellwechsel",,
"M","MDR","	Massen-Durchfluss-Regler",,
"M","ME","Markteinführung",,
"M","ME","	Mustereinbau",,
"M","MEK","	Materialeinzelkosten",,
"M","MES","	Manufacturing Execution System",,
"M","MFA","	Multifunktionsanzeige",,
"M","MFH","	Multifunktionshalle",,
"M","mFP","Marktspezifischer Fahrzeugpool","Fahrzeugpool für die Ausleihe von Erprobungsfahrzeugen und Versuchsträgern in den beiden Hauptmärkten USA und China. Fahrzeuge für die Fachbereiche direkt in den USA und China zur Ausleihe für Absicherungs- und Erprobungsfahrten.",
"M","MFR","Modularer Fahrwerksrahmen",,
"M","MFT","	Multifunktionstest",,
"M","MFU","Maschinenfähigkeitsuntersuchung",,
"M","MG","Marktgebiet",,
"M","MG","	Material-Gemeinkosten",,
"M","MGF","Motor-Getriebe-Flansch",,
"M","MGK","	Material-Gemeinkosten	","Logistik- oder auch Beschaffungsnebenkosten",
"M","MGR","	Montagegruppe",,
"M","MI","Management Information",,
"M","MI","	Maßhaltigkeitsindex",,
"M","MI","Major Incident","Ein „Major Incident“ ist eine schwerwiegende businesskritische Störung eines oder mehrerer IT Services, die grundlegende Geschäftsprozesse des Porsche Konzerns beeinträchtigt oder unmöglich macht. ",
"M","MIB","	Modularer Infotainment-Baukasten	",,
"M","MID","Molded Interconnect Devices",,
"M","Mifri","	Mittelfrist",,
"M","MIG","Metall Intertgas Schweißen",,
"M","Miko","Mittelkonsole",,
"M","MIL","Malfunction Indicator Lamp",,
"M","MIM","Major Incident Management","Prozess für die Kommunikation und Koordination von IT Großstörungen (Major Incidents)",
"M","MiMo","	Mittelmotor",,
"M","MIS","Management Informationssystem	",,
"M","MIS","Month in Service",,
"M","MISS","	Material Information System",,
"M","MJ","	Modelljahr",,
"M","MJ","	Mannjahr",,
"M","MK","	Management Kreis",,
"M","MKD","	medium knocked down	","Zerlegungsgrad von 1.300 bis 1.700 Teilen",
"M","MKLF","Mehrkammer-Luftfeder",,
"M","MKO","	MaterialKostenOptimierung",,
"M","MLB","	Modularer Längsbaukasten",,
"M","MLBevo","	Modularer Längsbaukasten evolution	",,
"M","MM","	Materialmanagement",,
"M","MM","	Meeting Minutes",,
"M","MMAB","Meldung abgeschlossen (Status einer Meldung im SAP)",,
"M","MMB","Modularer Mittel- und Heckmotor Baukasten",,
"M","MMB","	Mittelmotorbaukasten",,
"M","MMGAV","	Modell-Motor-Getriebe-Abgas-Varianten",,
"M","MMI","	Man Machine Interface",,
"M","MMI","	Multimedia Interface",,
"M","MML","	Modul-Masterliste",,
"M","MNO","Mobile Network Operator",,
"M","M-Nr.	","Mehrausstattungsnummer	","Serien- und Sonderausstattung",
"M","MOOC","Massive Open Online Course 	","  Kostenlose Online-Kurse mit unbegrentzter Teilnehmerzahl",
"M","MOPF","	Modellpflege",,
"M","MOST-Bus","Media Orientated Systems Transport Bussystem",,
"M","MOZ","Motor-Oktanzahl",,
"M","MP","Modellpflegepunkt",,
"M","MP","	Modellpflege",,
"M","MP","Meldepunkt",,
"M","MPE","Mitarbeiter Personal Entwicklung, Motor Pumpen Einheit",,
"M","MPF","	Mikroplanfilm",,
"M","MPF","	Modellpflege",,
"M","MPG","	Miles per Gallon",,
"M","MPLS","Multi Protocol Label Switching = Netzwerktechnik",,
"M","MPV","Multi Purpose Vehicle",,
"M","MQB","	Modularer Querbaukasten",,
"M","MRK","Mensch-Roboter-Kollaboration",,
"M","MRP","	Material Requirement Planning (Materialbedarfsplanung)",,
"M","MSA","Measurement System Analysis	",,
"M","MSB","Modularer Standardbaukasten",,
"M","MSG","	Motor Steuergerät",,
"M","MSG","Mobile Service Gateway",,
"M","MSNR","	Modulsachnummer",,
"M","MSP","	Meilensteinplan",,
"M","MSR","Motorschleppmomentenregelung",,
"M","MSRP","Manufacturer's Suggested Retail Price	",,
"M","MT","	Manntage",,
"M","MT","	Mitteltemperatur",,
"M","MTB","	Mountainbike",,
"M","M-Team","Funktion in der Modellpflege-Phase: Das M-Team nimmt die Verantwortlichkeit für die gesamte Steuerung und Umsetzung von Modellpflegepunkten war.","LINK FOLGT",
"M","MTEAMxx","Modellpflege-Team im Werk xx (Koordination Produktmanagement)	","LINK FOLGT ",
"M","MTM ","	Methods of Time Meassurement",,
"M","MTZ","Materialteurungszuschlag",,
"M","MV","	Monovideokamera",,
"M","MVG","Markt Verantwortungs Gebiet	",,
"M","MVLS","	Mechanisch verstellbare Lenksäule	",,
"M","MVO","	Montage vor Ort",,
"M","MW","Modelljahreswechsel",,
"M","MW","	Monatswert",,
"M","MW","	Mittelwelle",,
"M","MWSt","	Mehrwertsteuer",,
"M","MWV","Mineralölwirtschaftsverband",,
"M","MY","	Model Year",,
"M","MZF","Mehrzweckfahrzeug",,
"M","MZU","	Messzentrum Umweltschutz",,
"N","n.i.O.","	Nicht in Ordnung",,
"N","N2S","Needs-to-Strategy-Deployment ","E2E-Prozess: von der Analyse zur Strategieumsetzung ",
"N","NA","	Nacharbeit",,
"N","NACA","	National Advisory Committee for Aeronautics	","Aerodynamik-Profile",
"N","NAD","	Nahtabdichtung",,
"N","NAFTA","	North American Free Trade Association",,
"N","NAR","	North American Region",,
"N","NBR","Nürburgring",,
"N","NBV","	Normalblattverwaltungssystem	",,
"N","NC (-Programmierung)	","Numerical Control, Methode zur Steuerung und Regelung von Werkzeugmaschinen (CNC-Maschinen)",,
"N","NCAP Crash	","New Car Assessment Program Crash",,
"N","ND","	Normaldach",,
"N","NDC","	Network Development Council",,
"N","NDD","	Network Display Device",,
"N","NDS","	Navigation Data Standard",,
"N","NEF","	New energy vehicle",,
"N","NEFZ","	Neuer Europäischer Fahrzyklus	",,
"N","NE-Metall","Nichteisen-Metall",,
"N","NEV","	New energy vehicle",,
"N","NF","	Nachfolgemodell",,
"N","NF","	Niederfrequenz",,
"N","NFUA","Neuteil / Freigegebenes-Übernahmeteil / Ungültig / Änderung",,
"N","NGS","	Neigungssensor",,
"N","NHTSA","	National Highway Transport Safety Administration",,
"N","NiMH","	Nickel-Metallhybrid (Batterie)",,
"N","NIP","	Network Integration Package Begriff aus der Architekturfestlegung Dateien im Format .dbc,.dbx,.ldf Routing-Tabelle",,
"N","NIS","	Normteile Informationssystem",,
"N","NL","	Nachlass",,
"N","NL","	Nettolager",,
"N","NL","	Niederlassung",,
"N","NLEV","National Low Emission Vehicle",,
"N","NLK","neues Logistikkonzept",,
"N","NLO","	Next Level Ordering",,
"N","NLS","	Next Level Sourcing",,
"N","NMP","	Nitrit Methyl Pyrolidon",,
"N","NOLIS","	Normen-OnLine-InformationsSystem",,
"N","NOVC-HEV","not off-vehicle charging hybrid electric vehicle",,
"N","NPC","	Nicht-Porsche PC",,
"N","NPE","	Neupreis",,
"N","NPE","	Non-polluting Engine",,
"N","NPM","	Nicht-Produktionsmaterial",,
"N","NR","	Noise Reduction",,
"N","NS","	Notification Service",,
"N","NSD","	Nachschalldämpfer",,
"N","NSGET","	Nichtseriengleiche Ersatzteile",,
"N","NSGT","	Nicht statusgerechte Teile",,
"N","NSL","	Nebelschlussleuchte",,
"N","NSW","	Nebelscheinwerfer",,
"N","NT","	Nachtrag",,
"N","NT","	Neuteil",,
"N","NTC","	Negative Temperature Coefficient	",,
"N","NTR","	Nachtrag-Hauptgruppe-Vorgang	",,
"N","NTV","	Neuteile Verfolgungssystem",,
"N","NV","	Night Vision	","Wärmebildkamera",
"N","NVAS","Netview Access Services",,
"N","NVEM","Niedervoltenergiemanagement","12V Verbraucherkontingentierung | Teilfunktionsumfang von Verbrauchsmaßnahmen | Ruhestromüberwachung | Abschaltstufen, Abschaltempfehlungen | 12V Energie-Historiendaten | Aktivierung NV-Warnmeldungen und FSP",
"N","NVH","	Noise, Vibrations Harshness",,
"N","NVLD","""Natural Vacuum Leak Diagnostic""-System	","Tankleckdiagnosesystem",
"N","NVS","	Normteile Verwaltungs System	",,
"N","NW","	Nockenwelle",,
"N","NW","	Neuwagen",,
"N","NWT","Netzwerk Wissensgewinn Transfer",,
"O","O2D","Order-to-Delivery ","E2E-Prozess: vom Kundenauftrag zur Auslieferung ",
"O","OA","	Organisationsanweisung",,
"O","OBC","On-Board Charger",,
"O","OBD","Onboard Diagnostics",,
"O","OBD","	Outbound Dispatcher	",,
"O","OBDC","	On Board Data Collector	",,
"O","OBFCM","On-Board-Fuel-Consumption-Monitoring",,
"O","OBU","	Onboard Unit",,
"O","OCR","Optical Character Recognition",,
"O","OCU","On-board Control Unit",,
"O","ODB","	Offset Deformable Barrier",,
"O","ODETTE","Organisation for Data Exchange by Tele Transmission in Europe (europäischer Standard)",,
"O","ODIS","Offboard Diagnose Informationssystem",,
"O","ODP","	One Digital Platform",,
"O","OE","	Organisationseinheit",,
"O","OEAGB","Ölausgleichsbehälter",,
"O","OEM","Original Equipment Manufacturer	","LINK FOLGT",
"O","OEWT","Ölwärmetauscher",,
"O","OFTP","	ODETTE File Transfer Protocol",,
"O","OHC","Overhead Camshaft",,
"O","OHG","Offene Handelsgesellschaft",,
"O","OK","Ottokraftstoff",,
"O","OMK","oberer Management-Kreis",,
"O","ONT","Over Night Testing",,
"O","OP","Operative Planung",,
"O","OPAC","Online Public Access Catalogue	",,
"O","OPCA","	Operational Planning Controlling Advanced",,
"O","OPF","	One Piece Flow",,
"O","OPF","	Ottopartikelfilter",,
"O","OPIT","	Online Profilierungs Interessenten Tool",,
"O","OPK","Operative Planungskonferrenz	",,
"O","ÖPNV","Öffentlicher Personen-Nahverkehr	",,
"O","OPR","Online Pannenruf (= ORA)",,
"O","OPUS","	Operatives PlanUngs System für die Umsetzung von Fahrzeugänderungen",,
"O","ORCA","	(IT) Order Care	","IT Auftragsmanagement-System",
"O","ORV","	Off Road Vehicle",,
"O","ORVR","	Onboard Refuelling Vapor Recovery",,
"O","O-S","	0-Serie, Anlaufserie",,
"O","OSAM","	Online Services Architecture Model",,
"O","OT","	Oberer Totpunkt",,
"O","OTA","	Over The Air",,
"O","OTV","	Online Termin Vereinbarung	","engl.: DMS",
"O","OTX","Open Test sequence eXchange",,
"O","ÖV","	Öffentlicher Verkehr",,
"O","OVA","	Online Vertriebs Assistent",,
"O","OVC-HEV","off-vehicle-chargeable hybrid electric vehicle,",,
"O","OZ","Oktanzahl",,
"P","P","	Produktion","LINK FOLGT ",
"P","P&P		","Profiles & Preferences","auch PuP",
"P","P+R","	Park and Ride",,
"P","P2P","Purchase-to-Pay ","E2E-Prozess: von der Bedarfsanforderung zur Bezahlung ",
"P","P³	","Porsche Datenbank",,
"P","P3Crash	","Preprozessor zur Aufbereitung von CAE-Werkstoffdaten",,
"P","PA","Produktaufwertung",,
"P","PA	","ParkAssistent",,
"P","PAA","Porsche Active Aerodynamics",,
"P","PAB","	Produktionsabruf (Prodsynchron)",,
"P","PAC","Porsche Academy",,
"P","PACC","Porsche Application Competence Center",,
"P","PACCh	","Predictive ACC high	","ACC Innodrive",
"P","PADM","	Porsche Active Drivetrain Mount	","Dynamische Aggregatelagerung",
"P","PAG","	Porsche AG",,
"P","PAK","	Produktarbeitskreis",,
"P","PAK","	Porsche-Aufnahme-Konzept",,
"P","PAK","	Porsche AnforderungsKatalog",,
"P","PAL","	Presseauftragsleistung",,
"P","PALMS","Porsche Academy Learning Management System",,
"P","PÄM","	Porsche Änderungsmanagement","LINK FOLGT ",
"P","P-Anforderungen ","Produktions-Anforderung",,
"P","PAOLO","Porsche After Sales Online Logistik = PET + SAPGUI",,
"P","PAP","	Porsche Asia Pacific","LINK FOLGT ",
"P","PAR","Porsche Active Ride (im Grunde das ADR)",,
"P","PAS","	Porsche Active Safe",,
"P","PÄS","	Produktion-Änderungen Serie (Anderungsmanagement)",,
"P","PÄS","Produktänderungsgespräch Serie",,
"P","PASADB","	Porsche After Sales Anforderungs Datenbank",,
"P","PASC","Porsche Application Service Center	",,
"P","PASDT","Porsche automatisierter Steuergeräte Diagnose-Tester",,
"P","PASG","Porsche Antriebs Steuer Gerät (Antriebs Steuergerät beim BEV)",,
"P","PASM","	Porsche Active Suspension Management",,
"P","PAULA ","Porsche Automotive Lifecycle Applikation	","IT-System zur Laufzeiterfassung auf Bauteilebene",
"P","PAZ","	Pilot- und Analysezentrum",,
"P","PB","	Pilotband",,
"P","PB","Prozessbeschreibung","LINK FOLGT ",
"P","PB","	Porduktbeeinflussung",,
"P","PBE","	Porsche Business Excellence",,
"P","PBI","	Porsche-Bewertungs-Index",,"/sites/Q-ManagementIQ-Dokumente/Shared%20Documents/General/Q-Dokumente/QS.00001_Porsche-Bewertungs-Index_PBI2.0.pdf"
"P","PBL","	Pick by Light",,
"P","PBR","	Porsche Brasil",,
"P","PBSA","	Porsche Brand Standards Audit Tool",,
"P","PBW","	Pilotbandwagen",,
"P","PC","	Passenger Car",,
"P","PC","	Porsche Center",,
"P","PC","	Personal Computer",,
"P","PCA","	Porsche Cars Australia","LINK FOLGT",
"P","PCB","	Program Communication Block (für Zugriff auf IMS-Datenbanken)	",,
"P","PCC","	Porsche Car Connect",,
"P","PCC","	Porsche Contact Center",,
"P","PCCB","Porsche Ceramic Composite Brake",,
"P","PCCC","	PC Cost Center	","Übersicht der benutzerbezogenen PC-Kosten",
"P","PCCD","Porsche Car Configurator Datenbank	",,
"P","PCCD","Porsche Car Configurator Data Manipulation = Front End zum --> GOG	",,
"P","PCCG","Porsche Corporate Communication Guidelines",,
"P","PCCM","Porsche Classic Communication Management (DIN1 Gerät)",,
"P","PCCM Plus","Porsche Classic Communication Management Plus (DIN2 Gerät)",,
"P","PCEE","	Porsche Central and Eastern Europe	",,
"P","PCG","	Porsche Consulting","LINK FOLGT ",
"P","PCGB","	Porsche Cars Great Britain","LINK FOLGT ",
"P","PCH","	Porsche Schweiz","LINK FOLGT ",
"P","PCICS1","	Produktions--Customer Information Control System 1",,
"P","PCL","	Porsche Canada",,
"P","PCM","	Porsche Communication Management (Info-/Navigationssystem)",,
"P","PCM","	Ausfallratenanalyse (part count measurement)",,
"P","PCN","Porsche China","LINK FOLGT ",
"P","PCNA ","Porsche Cars North America","LINK FOLGT ",
"P","PC-Scheibe ","	Poly-Carbonat-Scheibe	","Sichtfenster Rückwand",
"P","PCSI","Porsche Connect Service Information",,
"P","PCV","positive crankcase ventilation (Kurbelgehäuseentlüftung)",,
"P","PD","	Porsche Deutschland","LINK FOLGT ",
"P","PD","	Produktdefinition	","Rahmenheft",
"P","PD","	Produktdokumentation",,
"P","PDA","	Porsche Deutschland Aftersales",,
"P","PDA","	Personal Digital Assistant	","a small portable computer",
"P","PDAC","	Porsche Dealer Accounting and Controlling",,
"P","PDC","	Park Distance Control",,
"P","PDC","	Porsche Driving Center",,
"P","PDC","	Primär Domain Controller oder PVA Server im Autohaus	",,
"P","PDCC","	Porsche Dynamic Chassis Control","LINK FOLGT ",
"P","PDDP","Porsche Digitale Dienste Plattform (Smart Mobility Plattform im Digitalen Ökosystem)",,
"P","PDDS","	Porsche Design Driver's Selection",,
"P","PDE","	Porsche Driving Experience",,
"P","PDE","Projekt-Definition",,
"P","PDEW","Porsche Driving Experience Winter",,
"P","PDF","Porsche Deutschland Finanzen",,
"P","PDF","	Portable Document Format	",,
"P","PDI","	Pre Delivery Inspection",,
"P","PDiP","	Produktdatenintegrationsplattform	",,
"P","PDK","	Porsche Doppelkupplungsgetriebe",,
"P","PD-K","	Produktdaten Konzernintegration",,
"P","PDKIT","Porsche Doppelkupplung Panamera	",,
"P","PDL","	Porsche Data Lake",,
"P","PDLG","	Porsche Dienstleistungs GmbH","LINK FOLGT ",
"P","PDLS","	Porsche Dynamic Light System","LINK FOLGT ",
"P","PdM","	Porsche de Mexico",,
"P","PDM ","	Porsche Deutschland Marketing	",,
"P","PDM","	Produktdatenmanagement",,
"P","PDM","	Produkt-Detail-Montageanweisung",,
"P","PDMS ","	Porsche Dokumenten Management System","LINK FOLGT ",
"P","P-DMU ","Porsche Digital Mockup (CAx-System)	","LINK FOLGT ",
"P","PDN","Porsche Deutschland Netzentwicklung",,
"P","PDP","	Porsche Deutschland Personal",,
"P","PDRM","	Porsche Driving Reflection Module",,
"P","PDS","	Porsche Deutschland Sales",,
"P","PDV","	Porsche Deutschland Vertragswesen	",,
"P","PDX","Product Data eXchange (IPC-257X) Datenaustauschformat für Produktdaten zwischen OEM, Lieferanten und Toolherstellern. Der Standard basiert auf XML. Flash-PDX: zum Austausch von Steuergeräte Flashdaten, BR-PDX zum Austausch von Diagnosedaten",,
"P","PDX","	Porsche Diagnostik Daten Exchange",,
"P","PE","	Polyethylen",,
"P","PE","	Projektentscheidung Meilenstein im PEP",,
"P","PEC","	Porsche Experience Center",,
"P","PECM","Porsche Enterprise Content Management System",,
"P","Peer-To-Peer",," 	In modernen P2P-Netzwerken werden die Netzwerkteilnehmer häufig abhängig von ihrer Qualifikation in verschiedene Gruppen eingeteilt, die spezifische Aufgaben übernehmen.",
"P","PEG","	Porsche Engineering Group","LINK FOLGT ",
"P","PEMS ","	  Portable Emission Measurement System",,
"P","PEP","	Produktentstehungsprozess","LINK FOLGT ",
"P","PeP","	Porsche e-Procurement","LINK FOLGT ",
"P","PEP","Produktentstehungsprozess",,
"P","PES","Porsche Engineering Services","LINK FOLGT ",
"P","PESMAT","Porsche EES Softwaremanagement Abgleichtool",,
"P","PET","	Porsche Elektronischer Teilekatalog",,
"P","PEV","Porsche Exclusive Verkäufer",,
"P","PF","Produkt-Feasibility	","Zielkatalog",
"P","PFA","	Projekt-Feasability Aggregate",,
"P","PFC","	Porsche Financial Calculator",,
"P","PFCP","	Porsche Flashen Codieren Prüfen	",,
"P","PFIFF","	Porsche it-inFrastruktur Integration Für elektronische Fahrzeugsysteme",,
"P","PFM","Porsche Funktionsmodell (Muletto)",,
"P","P-FMEA	","Prozess-FMEA",,
"P","PFPS","	Porsche Fertigungs- und Prüfsystem",,
"P","P-Freigabe ","Planungs-Freigabe",,
"P","PFS","Porsche Financial Services","LINK FOLGT ",
"P","PFU","	Prozessfähigkeitsuntersuchung",,
"P","PG","	Prüfgelände",,
"P","PGAT","Porsche Goodwill Authorization Tool",,
"P","PGF","	Package Grenzflächen",,
"P","PGM","Professionelles Gebrauchtwagen Management",,
"P","PHB","	Projekthandbuch",,
"P","PHC","	Porsche Hill Control",,
"P","PHEV","Plug-in Hybrid Electric Vehicle",,
"P","PHEV","Parallel Hybrid Electric Vehicle",,
"P","PHP","	Package Hard Point",,
"P","PHS","Produktionshandbuch Standardisierung	",,
"P","PI","	Prozessfähigkeitsindikator",,
"P","PI2Pr","Plan-to-Produce","E2E-Prozess: von der Produktbeschreibung bis zur Betriebsbereitschaft",
"P","PIA","	Porsche integriertes Auftrags- und Ressourcenmanagement",,
"P","PIB","	Porsche Iberica","LINK FOLGT",
"P","PIB","	Porsche IT-Bestandsmanagement","LINK FOLGT ",
"P","PIC","	Process integritiy checkup",,
"P","PID","	Porsche Inno Drive",,
"P","PIDM","Porsche Ideenmanagement",,
"P","PiDT","	Porsche integrierter Diagnose Tester",,
"P","PIER","	Der Porsche Innovations- und EntwicklungsRaum siehe auch Innovationsplattform PIER wurde im GJ 2021 durch den Innovation Manager abgelöst.","... und hier gelangen Sie zum Innovation Manager https://innovation.web.porsche.de/servlet/hype/IMT?userAction=BrowseCurrentUser&templateName=MenuItem ","https://innovation.web.porsche.de/servlet/hype/IMT?userAction=BrowseCurrentUser&templateName=MenuItem"
"P","PIF","	Porsche International Financing plc	",,
"P","PIKS","Porsche Information Kommunikation Services GmbH",,
"P","PIN","	Personal Identification Number",,
"P","PINA","Porsche IdealNetzAnalyse",,
"P","PINS","	Porsche Initial Stock (Erstbevorratung)",,
"P","PIPE²line","Die Porsche Innovations Plattform für erfolgreiche Entwicklungen (https://intranet.web.porsche.de/portal/impulse/1139)","LINK FOLGT ",
"P","PIRM ","Porsche Intelligent Range Manager	","Im Taycan erstmals eingesetzte Funktion zur Optimierung der Verbrauchsparameter für eine kurze Reisezeit bei maximalem Komfort. Weitere Informationen gibt es hier.(LINK FOLGT)",
"P","PIS","	Projekt Informations System",,
"P","PISA","	Porsche Information Security Analyzer (ISMS)",,
"P","PISA","	Porsche Infrastructure Service Automation",,
"P","PIT","Porsche Italia","LINK FOLGT ",
"P","PIWIS","Porsche Integrated Workshop Information System",,
"P","PJ","Porsche Japan	","alternativ PJKK",
"P","PJKK","Porsche Japan","LINK FOLGT ",
"P","PK","	Paritätische Kommission",,
"P","PK","	Personalkosten",,
"P","PK","	Prozesskarosse",,
"P","PK","	Prozesskette",,
"P","PKI","	Public Key Infrastructure",,
"P","PKK","	Produktkostenklausur",,
"P","PKMS","Projekt-Kommunikations-Management-System",,
"P","PKO","	Produktkostenoptimierung",,
"P","PKO","	Porsche South Korea",,
"P","PKR","	Porsche Kontenrahmen",,
"P","PKR","Porsche Konzernrichtlinie","LINK FOLGT ",
"P","PKR ","Produktkostenrechnung",,
"P","P-Kreis	","Führungskreis im Ressort P",,
"P","PL","	Projektleitung / Projektleiter",,
"P","PL","	Plattform-Teile (Plattform-Gleichteile *P, Plattform-Systemteile *S)	",,
"P","PL","	Parkleuchte",,
"P","Pl2Pr","Plan-to-Produce ","E2E-Prozess: von der Produktbeschreibung bis zur Betriebsbereitschaft ",
"P","PLA","	Parklenkassistent",,
"P","PLA","	Porsche Latin America","LINK FOLGT ",
"P","PLATO ","	Plantermin Verfolgungssystem für Entwicklungsteile Online",,
"P","PLB","	Porsche Leistungsbeschreibung","LINK FOLGT ",
"P","PLC-M","	Product Life Cycle Management",,
"P","PLG","	Porsche Leipzig","LINK FOLGT ",
"P","PLG","	Power-Lift-Gate",,
"P","PLH","	Porsche Lizenz- und Handelsgesellschaft mbH",,
"P","PLI","	Parking Lot Info",,
"P","PLM","	Product Lifecycle Management",,
"P","PLO","	Product Line Owner",,
"P","PLoG","Porsche Logistik GmbH","LINK FOLGT ",
"P","PLZ","	Produktlebenszyklus",,
"P","PM","	Post Meridiem",,
"P","PM","	Produktmission	","Steckbrief, Produktstart",
"P","PM ","	Partikelmasse (Sensor)",,
"P","PM","	Plant Maintenance (Instandhaltung)",,
"P","PMA","	Porsche Mittel Anforderung",,
"P","PME","Pflanzenölmethylester (Biodiesel)",,
"P","PME","	Porsche Middle East","LINK FOLGT ",
"P","PmFU","	Prüfmittelfähigkeitsuntersuchung",,
"P","PMK","Porsche Management Konferenz",,
"P","PMNA","Porsche Motorsport North America	","LINK FOLGT ",
"P","PMO","	Projekt Management Office",,
"P","PM-P","Produktionsteam für Änderung in Serie im Werk 11 (Wolfsburg)",,
"P","PMT","	Prozesse, Methoden, Tools",,
"P","PN","	Porsche Norm","LINK FOLGT ",
"P","PNB","	Porsche Niederlassung Berlin",,
"P","PNBP","	Porsche Niederlassung Berlin Potsdam	",,
"P","PNF","	Porsche Nachwuchsförderungsprogramm	","LINK FOLGT ",
"P","PNHH","Porsche Niederlassung Hamburg",,
"P","PNHHNW","Porsche Niederlassung Hamburg Nord-West",,
"P","PNL","Porsche Niederlassung Leipzig",,
"P","PNP","Porsche Nachwuchs-Programm","LINK FOLGT",
"P","PNR","Point of no Return",,
"P","PNS","	Porsche Niederlassung Stuttgart",,
"P","PNS","	Push Notification Service",,
"P","PO","	Produktion Organisation",,
"P","PO","	Project Organisation",,
"P","PO","	processowner",,
"P","POA","	Porsche Office Assistent",,
"P","POD","	Print(ing) on Demand",,
"P","POD","	Payment on Delivery",,
"P","POF","	Porsche France","LINK FOLGT ",
"P","POGIS","	Porsche internes Gesetztes Informations System",,
"P","POI","	Point of Interest",,
"P","Polaris","Ersatzteilesystem der Vertriebs-Tochtergesellschaften",,
"P","POLDI","	Porsche Output List and Distribution Interface",,
"P","POMP ","	Porsche Online Marketing Planer",,
"P","PopUp","	Fenster, das sich für Extra Informationen neu öffnet",,
"P","PorTello","Ersatzteilesystem der PAG",,
"P","POS","Point of Sale",,
"P","POSES","Porsche Service System",,
"P","POSIP","Porsche Side Impact Protection System",,
"P","PP","	Programmpunkt",,
"P","PP","	Projektprämissen",,
"P","PP","	Polypropylen",,
"P","PP","	Projektprämissen",,
"P","P-PAK","Produktarbeitskreis im Ressort P",,
"P","P-PAK	","Produktarbeitskreis im Ressort P",,
"P","PPB","	Parts per Billion (Milliarde)",,
"P","PPC","	Product Planning Comitee",,
"P","PPC","Premium Platform Combustion",,
"P","PPD","Passenger Presence Detector",,
"P","PPE","	Premium Platform Electric",,
"P","PPF","	Produkt- und Produktionsprozessfreigabe",,
"P","PpK","	Vorläufige Prozessfähigkeit",,
"P","PPK","	Porsche Prüfkatalog",,
"P","PPM","	Porsche Partner Management",,
"P","PPM","	Pulses per Minute",,
"P","ppm","	parts per million",,
"P","PPN","	Porsche Partner Network","LINK FOLGT ",
"P","PPN","	Porsche Prüfnorm",,
"P","PPO","	Porsche Prozess Optimierung",,
"P","PPO","	PartnerschaftlicheProzessOptimierung",,
"P","PPOI","	Personal Point of Interest",,
"P","PPP","	Polluter Pays Principle (Verursacherprinzip)",,
"P","PPP","	Porsche Partnerschaftsprogramm",,
"P","PPP","	Point-to-Point Protocol",,
"P","PPR","	Prüfprotokoll",,
"P","PPT ","	Parts Planning Tool",,
"P","PPV","	Porsche Prüfvorschrift",,
"P","PQC","	Porsche Quality Culture",,
"P","PQIS","	Porsche Qualitäts Informations System	",,
"P","PR","	Ply Rating",,
"P","PR","	Public Relations",,
"P","PRAE","Präsentation",,
"P","PR-Familie","	Primäreigenschaftsfamilie",,
"P","PRMS","Porsche Request Management System",,
"P","PR-NR","Primäre Eigenschaft (VW-Konzern) entspricht der PAG M-Nummer/I-Nummer",,
"P","PR-Nummer","	Primäreigenschaftsnummer, siehe PR-NR",,
"P","Pro/E, ProE","	Pro/Engineer, CAD Software der Fa. Parametric Technology Corporation (PTC)",,
"P","PRODAP","	Produktionsdatenplattform",,
"P","PRODIS","	Produktions-Informations-System	",,
"P","PROM ","Programmable Read Only Memory	",,
"P","PROMIS","Projektmanagement-Informations-System",,
"P","PROPOS","Projekt- und Portfoliomanagementsystem",,
"P","PROS","	Porsche Retail Online Shop",,
"P","PROT ","	Protokoll",,
"P","PRU","	Porsche Russland","LINK FOLGT ",
"P","PSA","	Porsche Service Analyse	","Garantie- und Kulanzaudit",
"P","PSAK ","	Themenrunde Package/Styling/Aerodynamik/Karosserie",,
"P","PSB","	Program Specification Block (für Zugriff auf IMS-Datenbanken)",,
"P","PSB","	Projekt Status Bericht",,
"P","PSB","	Produkt-Struktur-Basis",,
"P","PSC","	Porsche Sourcing Committee",,
"P","PSCB","	Porsche Surface Coated Brake	","Hartstoff beschichtete Graugrussbremse",
"P","PSD","	Panorama-Schiebedach",,
"P","PSD","Prädiktive Streckendaten",,
"P","PSDS","	Porsche Sport Driving School",,
"P","PSEC","Porsche Service Excellence Club",,
"P","PSH","Projektsteurungshandbuch",,
"P","PSI","	Produktions-Steuerungs-Informationssystem",,
"P","PSI","	Pounds per Square Inch",,
"P","PSK","	Package-Styling-Karosserie",,
"P","PSK","	Produktsicherheitskreis",,
"P","PSK","	Produkt-Strategie-Komitee",,
"P","PSL","Produktschlüssel",,
"P","PSL","	Produktionsstückliste (FSI)",,
"P","PSM","	Porsche Stability Management",,
"P","PSO","	Personalisierung",,
"P","PSP","	Projektstrukturplan",,
"P","PSRM","Porsche System Referenz Model",,
"P","PSS","Porsche Satisfaction Survey",,
"P","PSSL","	Produktionsstückliste (TI-S)",,
"P","PST","	Porsche System Tester",,
"P","PSZ","	Porsche Service Zentrum",,
"P","PT","	Prototyp",,
"P","PT3.TVD","Technische Daten für Typisierung und Vertrieb",,
"P","PTA","	Projekte und Technologie-Akten",,
"P","PTC","	Positive Temperature Coefficient",,
"P","PTC","	Porsche Travel Club",,
"P","P-Team","in der ÄKO- und ÄA-Phase: P-Team ist verantwortlich für Einsatzterminierung und Dispo-Freigabe für ÄKOS in der Vorserie, für Verteilung und Konsolidierung der P-Stellungnahmen während des Serienprozesses und für Einsatzterminsteuerung und Dispo-Freigabe","LINK 'P-Team' FOLGT ",
"P","PTEAMxx","	Produktionsteam im Werk xx (Koordinatoren ausserhalb der TE)","LINK FOLGT ",
"P","PTFE","	Polytetrafluorethylen",,
"P","PTK","	Porsche Teilekatalog",,
"P","PTL","Porsche Technische Lieferbedingungen	",,
"P","PTM","Porsche Traction Management	","geregelter Allradantrieb",
"P","PTO","	Porsche Times Online",,
"P","PTS","Prototypen Teile-/Terminsteuerung",,
"P","PTV (Plus)","Porsche Torque Vectoring (Plus)	","Bremsen-Torque-Vectoring mit geregelter Quersperre",
"P","PTW ","Porsche Taiwan",,
"P","PTZ","	Projekt-Team Zubehör",,
"P","PU","	Prüfumfang allgemeine Steuergeräte	",,
"P","PU","	Polyurethan",,
"P","PUB","	Ausprägung des SGV-Kennzeichen der Sachnummer Fertiges Steuergerät, als Rohteil verwendbar",,
"P","PUB","	Prüfumfang flash. Steuergeräte bei Bedarf",,
"P","PUDIS","Porsche Universelles Diagnose Informationssystem",,
"P","PUF","	Ausprägung des SGV-Kennzeichen der Sachnummer Fertiges Steuergerät",,
"P","PUF","	Prüfumfang flash. Steuergeräte oder Flash Container",,
"P","PUK","	Pin Unblocking Key",,
"P","PUK","	Forum Produktqualität & Kundenzufriedenheit",,
"P","PULSTM","Porsche unique lean System for Technology Management",,
"P","P-Umlauf ","	Produktions-Umlauf",,
"P","PUR","	Polyurethan",,
"P","PU-Serie","	Funktionsbau",,
"P","PUU","	Ausprägung des SGV-Kennzeichen der Sachnummer Rohteil, ungeflasht",,
"P","PUU","	Prüfumfang. Steuergeräte ungeflasht",,
"P","PV","	Prozessverantwortlicher",,
"P","PV","Personenverzeichnis",,
"P","PVA","	Porsche Verkäufer Arbeitsplatz	",,
"P","PVC","	Polyvinylchlorid",,
"P","PVD","	Porsche Vertriebsdatenbank",,
"P","PVE/pre-PVE	","Production-Vehicle-Evaluation",,
"P","PVGM","Porsche Veranstaltungs- und Geschenkemanagement","LINK FOLGT ",
"P","PVM","	Porsche Vorgehensmodell zur Entwicklung von Informationssystemen	",,
"P","PVMS","	  Porsche Vehicle Management System 	",,
"P","PVP","	Porsche Verbesserungsprozess	","LINK FOLGT",
"P","PVS","	Prototypenvorserie",,
"P","PVS","	Produktions-Versuchs-Serie ODER Produktions-Varianten-Stückliste",,
"P","PV-S","	PV-Serie, Produktionsvorbereitungsserie, Pilot-Vorserie",,
"P","PV-Serie","	Produktions--Vorserie",,
"P","PVT","	Porsche Verbesserungstechnik Tabelle	",,
"P","PVTM","	Porsche Vehicle Transport Management	",,
"P","PVTS","	Porsche Vehicle Tracking System",,
"P","PWAT","	Porsche Warranty Audit Tools	","ganzheitliches Auditsystem für die PSA",
"P","PWG","	Porsche Werkzeugbau GmbH",,
"P","PWR","	Pulswechselrichter",,
"P","PWR","Pulswechselrichter",,
"P","PWRS","Porsche World Roadshow",,
"P","PWS","	Porsche Werkzeugbau S.R.O.",,
"P","PZ","	Porsche Zuffenhausen / Werk Zuffenhausen",,
"P","PZMS","	Porsche Zentrum Marketing Service",,
"Q","QBS","Qualitäts-Sachbearbeiter-Schlüssel",,
"Q","QCR","	Quality Control Report",,
"Q","QFD","Quality Function Deployment	",,
"Q","Q-Gate","	Qualitygate",,
"Q","QI","	Qualität-Information",,
"Q","QK","	Qualitätskontrolle",,
"Q","QKLM","	Qualität, Kosten, Lieferservice, Motivation	",,
"Q","QLH","	Querschnittslastenheft",,
"Q","QM","	Qualitätsmanagement",,
"Q","QMB","	Qualitätsmanagement Berater",,
"Q","QMB-GL","	Qualitätsmanagementbeauftragter Geschäftsleitung",,
"Q","QMF","	Query Management Facility",,
"Q","QPZ","	Qualitäts-PrioritätsZahl",,
"Q","QRZ","	Qualitätsrangzahl","LINK FOLGT ",
"Q","QS","	Qualitätssicherung",,
"Q","QUIP","	Qualitäts-Informations-Programm",,
"R","R2CM","Requirements-to-Corporate-Management ","E2E-Prozess: von der Anforderung zum Managementsystem ",
"R","R2Q","Requirements-to-Quality ","E2E-Prozess: von der Kundenanforderung zum Qualitätserlebnis ",
"R","RA","	Rangier Assistent",,
"R","RAH","	Remote Auxiliary Heating",,
"R","RAL","Richtlinien des Ausschusses für Lieferbedingungen und Gütesicherung",,
"R","RAM","	Random Access Memory",,
"R","RAS","	Responsibilities",,
"R","RB","	Rahmenbedingung",,
"R","RBC","	Remote Battery Charge",,
"R","RBM","	Rahmenbedingungsmanagement",,
"R","RBS","	Rennsport-Sachbearbeiter-Schlüssel	",,
"R","RCB","Rechargeable Electric Energy Storage System Charge Balance",,
"R","RDE","Real Driving Emissions",,
"R","RDK","	Reifen-Druck-Kontrolle",,
"R","RDS","Radio Data Service",,
"R","RDT","Remote Departure Time Programming",,
"R","RdW","	Rest der Welt",,
"R","REACH","	Registration-Evaluation-Authorisation-Restriction of Chemicals",,
"R","RED2D","Real-Estate-Demand-to-Dismantling ","E2E-Prozess: vom Flächenbedarf zum Rückbau",
"R","REESS","Rechargeable Electric Energy Storage System",,
"R","REFA","Verband für Arbeitsgestaltung, Betriebsorganisation und Unterneh-mensentwicklung",,
"R","RES","	Reibelementschweißen",,
"R","REST","	Representational State Transfer",,
"R","REW","	Rewind",,
"R","RFAS","	Reinigung Fahrer Assistenz Systeme",,
"R","RfC","	Request for Change","LINK FOLGT ",
"R","RFID","radio-frequency indentification",,
"R","RFK","	Referenzkarosse",,
"R","RFK","	Rückfahrkamera",,
"R","RFT","	Run-Flat-Tire",,
"R","RG","	Rabattgruppe",,
"R","RGS","	Reversibler Gurt-Straffer",,
"R","RH","	Rahmenheft",,
"R","RHF","Remote Honking & Flashing",,
"R","R-HMI","	Remote Human Machine Interface",,
"R","RHS","	Rückhaltesystem oder Radhausschale	",,
"R","RI","	Referential Integrity",,
"R","RI","	Registered Importer",,
"R","RK","	Rohkarosse",,
"R","RL","	Richtlinie",,
"R","RL","	Rechtslenker",,
"R","RLC","	Rackliftchanger",,
"R","RLF","	Reparaturleitfaden",,
"R","RLU","	Remote Lock/Unlock",,
"R","RM","Rückmeldung",,
"R","RMP","Ressourcen und Merkmalsplanung",,
"R","RMS","	Risikomanagementsystem",,
"R","RMSSE","Root Mean Squared Speed Error",,
"R","RNC","	Road Network Coverage",,
"R","RNC","Road Noise Cancellation ",,
"R","RNS","Radio & Navigation System",,
"R","ROA","	Roadside Assistance",,
"R","ROM","Read Only Memory",,
"R","ROW","	Rest of World",,
"R","ROZ","	Research-Oktanzahl",,
"R","RP","	Referenzpunkt",,
"R","RP","	Regierungspräsidium",,
"R","RP","	Remediation-Plan",,
"R","RP","	Remote Production",,
"R","RPC","Remote Pretrip Climatisation",,
"R","RPS","Referenzpunktsystem",,
"R","RPZ","	Risikoprioritätszahl",,
"R","RRP","Recommended Retail Price",,
"R","RS","Rundschreiben",,
"R","RS","	Rücksprache",,
"R","RS","Rennsportwagen",,
"R","RS","Rückstellungsspiegel",,
"R","RSA","	Remote Speed Alert",,
"R","RSE","	Rear-Seat-Entertainment",,
"R","RSG","	Riemenstratergenerator",,
"R","RSH","	Remote Standheizung",,
"R","RSR","	Rennsport Rennwagen",,
"R","RSW","	Rückfahrscheinwerfer",,
"R","RT","Runtime","(IoT)",
"R","RTA","	Rear Traffic Alert",,
"R","RTM","	Real Time Monitoring",,
"R","RTS","	Remote Trip Statistics",,
"R","RTV","Rear Top View",,
"R","RUD","	Remote Update",,
"R","RUF","	Restumfang",,
"R","RuR","	Roles & Rights",,
"R","RVD","	Remote Vehicle Disabling",,
"R","RVG","	Regionale Verkehrsgesellschaft",,
"R","RVS","	Rechner Verbund System",,
"R","RVS","Remote Vehice Status",,
"S","S&R","	Squeak & Rattle	","Quietschen & Klappern",
"S","SA","Service Advisor",,
"S","SÄA","Serienänderungsantrag",,
"S","SAB","	Seitenairbag",,
"S","SAC","	Smart Actuator Charging",,
"S","SACID","	Smart Actuator Charging Interface Device",,
"S","SAD","	Schiebeaufstelldach",,
"S","SAD","Summary of Audit Differences	","Nichtaufgriffsgrenze",
"S","SADUS","	Ständiger Arbeitskreis Disposition und Steuerung",,
"S","SAGA","Strukturierte Antrags Gewährleistungs Abwicklung",,
"S","SAH","	Struktur-Absicherungs-Hardware",,
"S","SAK","	Serienarbeitskreis, Service Anforderungskatalog",,
"S","SAN","	Storage Area Network",,
"S","SAP","	Systeme, Anwendungen und Produkte in der Datenverarbeitung",,
"S","SASSI","	Sales After Sales Service Initiative",,
"S","SB","	Serienbetreuung",,
"S","SB","	Sachbearbeiter",,
"S","SBBR","	Stand-Brems-Blink-Rückleuchte",,
"S","SBC","	Sensotronic Brake Control",,
"S","SBR","	Seatbeltreminder",,
"S","SBS","	Sachbearbeiterschlüssel",,
"S","SBS-Katalog","Sachbearbeiterschlüssel-Katalog",,
"S","SBT","	Serienbetreuungsteam",,
"S","SBT","	Signal-Beantragungs-Tool	","Konzern-Tool zur Beantragung von Fahrzeug-Bus-Signalen",
"S","SBV","	Serienbetreuungsverantwortlicher",,
"S","SBV-TR","Serienbetreuungsverantwortlicher der Baureihe mit dem Änderungsbegehren	",,
"S","SC","Stability Control",,
"S","SC","	Safety Computer	","Airbag-Steuergerät",
"S","SCD","	Special-Characteristics-Documentation",,
"S","SCH","	Schedule",,
"S","SCR","	Selective Catalytic Reducition",,
"S","SDA","	Swarm Data Aggregator",,
"S","SDM","	SimData Manager",,
"S","SDM","	SDM - Simulationsdatenmanagement	","LINK FOLGT ",
"S","SDP","Sport Design Paket",,
"S","SDR","Self Discharge Ratio	","Selbstentladungsrate von Batterien oder Akkumulatoren",
"S","SDS","	Speech Dialog System",,
"S","SdT","	Stand der Technik",,
"S","SE","	Serienentwicklung",,
"S","SE","	Serieneinsatz",,
"S","SE","Simultaneous Engineering",,
"S","SEFT","Sporterlebnis Fahrtage",,
"S","SEL","	Selection",,
"S","SEP","Systementwicklungsprozess",,
"S","SE-Prozess","Serienentwicklungsprozess",,
"S","SEQ","Subjektiv erlebbare Qualität",,
"S","SET","	Simultaneous Engineering Team","Serien Entwicklungs Team",
"S","SEU","	System-Entwicklungs-Umfang",,
"S","SF","Schadenfreiheitsklasse",,
"S","SFD","	Schutz der Fahrzeugdiagnose",,
"S","SFD","Schutz der Fahrzeugdiagnose",,
"S","SFG-Struktur","Stücklisten-Freigabe-Struktur","Auftrennung der CAD-Struktur in Stücklistenbereich und Konstruktionsbereich. Bildet die Grundlage für das CAD-Multimodelling welches seit den 1990’ern bei EA im Einsatz ist. Der Begriff SFG wird ab 2023 durch den Begriff VPK weitergeführt.",
"S","S-FMEA","	System-FMEA",,
"S","SFN","	Serienfähigkeitsnachweis",,
"S","SFTP","Supplemental Federal Test Procedure	",,
"S","SG","Steuergerät",,
"S","SG","Sicherheitsglas",,
"S","SG","	Schaltgetriebe",,
"S","SGG","	Steuergeräte Gruppe",,
"S","SGL","	Sachgebietsleiter",,
"S","SGML","Standard Generalized Mark-up Language",,
"S","SGV","	Steuergeräte Verbund",,
"S","SGV-Kz","	Kennzeichen Steuergerät der Sachnummer",,
"S","SHE","	Scheibenheizung",,
"S","SHED","	Sealed Housing for Evaporative Determination",,
"S","SHL","	Superheißland",,
"S","SHV","Software-Hardware-Verbund",,
"S","SI","	Systeme International d'Unites",,
"S","SIA","	Service-Intervall-Anzeige",,
"S","SiBa","	Sicherheitsbeauftragter",,
"S","SiLLK","	Saugrohrintergrierter LLK",,
"S","SilverDat","	Gebrauchtwagenbewertung",,
"S","SIM","Subscriber Identification Module",,
"S","SINCAP","	Side Impact New Car Assessment Program",,
"S","SIT","	Service Information Technik",,
"S","SIV","	Soll-Ist-Vergleich",,
"S","SK","	Senderkennung",,
"S","SKD","	semi knocked down	","niedrigster Zerlegungsgrad - Teilzerlegt",
"S","SKE","Steuerbarer Kühllufteinlass",,
"S","SKE","Steuerbarer Kühllufteinlass",,
"S","SKE","Steuerbarer Kühllufteinlass",,
"S","SKID","	Förderträger für Fahrzeuge in der Födertechnik",,
"S","SKR","	Sachkontenrahmen",,
"S","SKR 51","Herstellerübergreifende Kfz-Branchenkontenrahmen von DATEV	",,
"S","SL","	Schlussleuchte",,
"S","SL","	Service Loaner",,
"S","SL","	Service List",,
"S","SLA","	Service Level Agreement","LINK FOLGT",
"S","SLM","	Service Level Management",,
"S","SLS","	Sublieferantenstruktur",,
"S","SLT","	Sonderladungsträger",,
"S","SLV","Sport Luxury Vehicle",,
"S","SM","	Status-Meeting",,
"S","SMG","	Sequenzielles Manuelles Getriebe",,
"S","SMK","	Schwungmassenklasse",,
"S","SML","	Seitenmarkierungsleuchte",,
"S","SMLS","	Schaltmodul Lenksäule",,
"S","SMS","	Short Message Service",,
"S","SN","	Sachnummer",,
"S","SNCH","	luxemburgische Genenehmigungsbehörde für EU für Gesamtgenehmigung",,
"S","SNK ","	Schadensnummernkatalog",,
"S","SNR","	Sachnummer",,
"S","SOA","	State of Art",,
"S","SOAP","	Simple Object Access Protocol	",,
"S","SOC","State of Charge	","Ladezustand bspw. einer HV-Batterie",
"S","SoKo","	Software Kommissionierung",,
"S","SOM","Sales Operation Manager	","CRM Rolle",
"S","SONATA","	Soll nach Tagen (=Stücklistenauflösung), Bedarfe, Stückzahlen",,
"S","SOP","	Start of Production",,
"S","SoRo","	Sonnenrollo",,
"S","SoS","	Start of Sales",,
"S","SOT","	Start of Testing",,
"S","SOW","	Scope of Work",,
"S","SOZ","	Straßenoktanzahl",,
"S","SP","Siedepunkt",,
"S","SP","	Schaltpläne",,
"S","SP","	Service Portlet",,
"S","SPA","	Spätester Auslauf	","Datum",
"S","SPC","	Statistical Process Control",,
"S","SPC","Scalable Power Converter","integrierter On-Board Charger und DCDC-Wandler für das SSP6 Plattform",
"S","SPE","	Spätester Einlauf	","Datum",
"S","SPICE","	  SPICE (Software Process Improvement and Capability Determination)  oder ISO/IEC 15504-5",,
"S","SPIN ","	Security PIN (auch S-PIN)",,
"S","SPK","	Sicherstellung Prozesssicherheit Kaufteile",,
"S","SPNV","	Schienen-Personen-Nahverkehr	",,
"S","SPS","	Speicherprogrammierbare Steuerung	",,
"S","SQL","Structured Query Language",,
"S","SRA","Scheinwerfer-Reinigungs-Anlage",,
"S","SRE","	Senkkopfreibelement",,
"S","SSL","	Secure Socket Layer",,
"S","SSL","Serienschlüssel",,
"S","SSNR","	Steuerungssachnummer",,
"S","SSO","	Single Sign-on",,
"S","SSP","	SW-Standardmodul",,
"S","SSR","	Sales & Stock Report",,
"S","SSS","	Service Satisfaction Survey",,
"S","SST","	Sachstamm",,
"S","SST","	Self-Supporting-Tire",,
"S","SST","	Service Support Team",,
"S","SSV","Schnittstellenvereinbarung",,
"S","ST","	Soft Top",,
"S","STA","Einsatz des Statuswechsel",,
"S","STA","	Seitenteil außen",,
"S","S-TAB","	Steuertabelle	","VW-Konzern",
"S","STAR","	Sourcing Tracking and Reporting	","konzernweites System zur strategischen Planung und Durchführung von Beschaffungsvorgängen",
"S","S-Teil ","Sicherheitsrelevantes Teil",,
"S","STEP","	Standard for the Exchange of Product Model Data	","Standard zur Beschreibung von Produktdaten für CAD, CAE, PDM, etc.",
"S","STEREO","StücklistenTERminErfassungOnline",,
"S","StG","Stahlguss",,
"S","STH","	Standheizung",,
"S","St-Knetwerkstoff","Stahlknetwerkstoff",,
"S","STL","	Surface Tesselation Language	","Datenformat zum Austausch von Geometriedaten",
"S","Strak","	Darstellung der Oberfläche eines Objekts im CAD",,
"S","STS","	Secure Token Service",,
"S","STT","	Softwareteiletisch",,
"S","STT","	Speech-To-Text",,
"S","StVO","	Straßenverkehrsordnung",,
"S","StVZO","	Straßenverkehrszulassungsordnung	",,
"S","SULEV","	Super Ultra Low Emission Vehicle",,
"S","SUMS","	Software-Update-Management-System",,
"S","SUV","	Sport Utility Vehicle",,
"S","SV","	(konventionelle) Schaltventile",,
"S","SV","Stereo Videokamera",,
"S","SVF","Sitzverstellfeld",,
"S","SVK","Systemverantwortungskreis",,
"S","SVN","	Subversion",,
"S","SVP","	Statistische Versuchsplanung",,
"S","SvZ","	Systeme vorbestimmter Zeiten",,
"S","SW","	Software",,
"S","SW","	ShortWave",,
"S","SW","	Sonderwunsch",,
"S","SW","	Schlüsselweite",,
"S","SW","	Sonderwerkzeug",,
"S","SW","Scheinwerfer",,
"S","SW","	Sollwert",,
"S","SWA","	Spurwechselassistent",,
"S","SWA","	Scheiben-Wasch-Anlage",,
"S","SWaP","	Software als Produkt",,
"S","SWC","	Software Component",,
"S","SWET","SOLL Waren Eingangs Termin",,
"S","SWM","Strategische Wachstumsmärkte",,
"S","SWWB","	Scheibenwischwasserbehälter",,
"S","SWZ","Sonderwerkzeug, Serienwerkzeug",,
"S","System-BA","System-Bauabweichung",,
"S","SZ","	Spulenzündung",,
"T","T.i.O.","Technisch in Ordnung",,
"T","T2A","Target-to-Achieve ","E2E-Prozess: von der Planung zur Zielerreichung ",
"T","T4I","Together-for-Integrity",,
"T","TA","	Transportauftrag",,
"T","TA","	Type Approval",,
"T","TA","	Technische Anleitung",,
"T","TA","	Technische Anforderungen",,
"T","TA","	Technischer Assistent",,
"T","TA","Technischer Ausschuss",,
"T","TAB","Tabellenbezeichnung",,
"T","TÄD","	Technischer Änderungsdienst",,
"T","TA-E","Teileartenschlüssel Entwicklung",,
"T","TA-P","Teileartenschlüssel Produktion",,
"T","TB","	Transportbedarf",,
"T","TB","	Technische Bestimmungen",,
"T","TB","	Technischer Bericht",,
"T","tbd","	to be defined",,
"T","TBE","	Title Block Editor",,
"T","TBR","	die Verknüpfung treibende Baureihe (im PÄM)",,
"T","TBT","	Teilebereitstellungstermin",,
"T","TBZ","	Tandem Hauptbremszylinder",,
"T","TC","Traction Control",,
"T","TCB","	Ticket Clearing Board",,
"T","TCC","	Technical Competence Center",,
"T","TCO","Total Cost of Ownership",,
"T","TCP/IP","Transmission Control Protocol / Internet Protocol",,
"T","TCTUA","Terminal Control Table Area",,
"T","TCU","	Telematic Control Unit",,
"T","TD","	Teiledienst",,
"T","TD","	Technische Daten",,
"T","TDI","	Dieseldirekteinspritzmotoren mit Turboaufladung",,
"T","TDV","Technologiedatenverwaltung",,
"T","TE","	Technische Entwicklung",,
"T","TEC","	Technisches Netz",,
"T","TEC-Rechner	","Rechner am technischen Netz der PAG",,
"T","TECSA","Technische Sauberkeit",,
"T","TE-Freigabe	","Technische Entwicklung-Freigabe",,
"T","TeG	","Temperguss",,
"T","TEGUE","Teilegültigkeit",,
"T","TEIVON ","	Teil-Nr.-Vergabe-Online",,
"T","TEP","Technologieentwicklungsprozess",,
"T","TEQ","	Tequipment",,
"T","TESTCICS","Test--Customer Information Control System",,
"T","TE-Umlauf","	Technische Entwicklung-Umlauf",,
"T","TEVON","	Teileverfolgung Online",,
"T","TF","	Technik-Freeze",,
"T","TFL","	Technisch-Funktionale Leistungsbeschreibung",,
"T","TFSI","	Turbocharged Stratified Injection",,
"T","TFT","	Thin Film Transistor (Bildschirm)",,
"T","TG","	Telefongespräch",,
"T","TG","Tochtergesellschaft",,
"T","TGA","	Technische Gebäudeausrüstung",,
"T","TGA","Technische Geräte Ausstattung",,
"T","THZ","Tandem Hauptzylinder",,
"T","TI","	Technische Informationen",,
"T","TIER1","	1. Verschärfungsstufe der amerikanischen Abgasgrenzwerte",,
"T","TILL","	Technische Illustrationen, Sammelbegriff für alle Technischen Illustrationen, die Zusammen-/Ein- bzw. Ausbauvorgänge von Montagegruppen mit zwei oder mehr Bauteilen in, im Regelfall, explosionsartiger Perspektivdarstellung visualisieren.",,
"T","Tiptronic S	","5-Gang-Automatikgetriebe Boxster und 911",,
"T","TI-S","	Technisches Informationssystem",,
"T","TI-S(ynchro)	","Technisches Informationssystem Synchronisiert",,
"T","TI-SYNCRO	","TechnischeInformationen SYNCROnisiert (Stücklistensystem VW)",,
"T","TK","	Technische-Konformität",,
"T","TK","	Teilkaskoversicherung",,
"T","TK","Teil-Karosserie",,
"T","TKK","	Technischer-Konformitäts-Koordinator	",,
"T","TKL","	Technische Konzeptbeschreibung",,
"T","TKU ","Technische Kundenunterlage ","siehe auch TCD - Technical Customer Document",
"T","TL","	Technische Leitung",,
"T","TL","Tauchlackierung",,
"T","TL","	Technische Lieferbedingungen",,
"T","TL","	Teamleiter",,
"T","TLD","	Technische Leitlinie Dokumentation	",,
"T","TLEV","Transitional Low Emission Vehicle	",,
"T","TMA","	Typ/Modell/Ausführung (Fahrzeugklasse)	",,
"T","TMC","	Traffic Message Channel",,
"T","TME","	Thermomanagement Elektrifizierte Fahrzeuge",,
"T","TMK","	Top-Management-Kreis	",,
"T","TMM","	Thermomanagement	",,
"T","TN","	Teilenummer	",,
"T","TN","	Teilnehmer",,
"T","TN","	Telefonnotiz Teilnehmer	",,
"T","TNR","	Teilenummer (VW-Konzern)	",,
"T","TOD","	Time of Delivery",,
"T","TOG","	Therm. Ölniveaugeber	",,
"T","ToGe","	Tochtergesellschaft	",,
"T","TOP"," 	Tagesordnungspunkt",,
"T","TP","	Teilprojekt",,
"T","TP","	Terminplan",,
"T","TP","	Typ Prüfung",,
"T","TP","	Typ Prüfpflicht",,
"T","TP","	Technische Prüfanstalt",,
"T","TP!","ThinkProject!",,
"T","TPB","	Technische Produktbeschreibung (Modellpflege)","LINK FOLGT ",
"T","TPE","	Thermoplastisches Eleastomer	",,
"T","TPL","	Teamprojektleiter","LINK FOLGT ",
"T","TPM","	Total Productive Management",,
"T","TPOPA","Thermal Propagation Occupant Protection Analysis",,
"T","TPT","	  Time Partition Testing",,
"T","TPW","Transportwagen",,
"T","TR","	Tape Recorder",,
"T","TR","	Technische Richtlinien",,
"T","TR:ACE","Technical Regulations: Assignment, Coordination and Evaluation",,
"T","TS","	Terminslot",,
"T","TS","	Technische Stückliste",,
"T","TSCA","Toxic Substances Control Act (""Gefahrstoff-Überwachungsgesetz“), US-Norm",,
"T","TSD","Torsions-Schwingungs-Dämpfer",,
"T","TSG","	Tür-Steuergerät",,
"T","TSI","	Technische Service Information",,
"T","TSI","Turbocharged Stratified Injection	",,
"T","TSK","	Triebstrangkoordinator",,
"T","TSL","	Tagessammel-Lieferschein",,
"T","TSL","Team-Struktur-Liste",,
"T","TSM","	Kennzeichen für einen manuell verwalteten Planeinsatztermin von Änderungsanträgen trotz Terminslotzuweisung",,
"T","TSM","	Tivoli Storage Manager (Software zur Datensicherung von IBM)",,
"T","TSO","	Time Sharing Option",,
"T","TSP","Technische Systemspezifikation",,
"T","TSP","	Telematic Service Provider",,
"T","TSS","	Telemetry Shared Service",,
"T","TSZ","	Transistorzündung",,
"T","TT","	Teiletisch",,
"T","TTL","	Teamteileliste",,
"T","TTS","	Text-To-Speech",,
"T","TU","	Technische Untersuchung",,
"T","TU","	Technische Universität",,
"T","TÜA","	Technisches Überwachungsamt	",,
"T","TuI / T&I	","Test & Integration",,
"T","TUL","	TeileUmfangsListe","LINK FOLGT ",
"T","TUL","	Technische Umfangliste",,
"T","TUL","	Transport Umschlag Lagerung",,
"T","TÜV","Technischer Überwachungsverein",,
"T","TV","	Technische Verordnung",,
"T","TVA","	Teileverwendungsabgleicht ( Sportwagen) FRGFSL",,
"T","TVI","	Teileverwendungsinformation",,
"T","TVKL","	Türverkleidung",,
"T","TVKL","	  Türverkleidung",,
"T","TVM","Türen- / Teile-Vormontage",,
"T","TVN","Test Vehicle need",,
"T","TVN / TGN","	Teileverwendungsnachweis (Cayenne) FSLVW-TGN",,
"T","TVO","	Fahrzeug-Teileverordnung",,
"T","TWC","	Three-Way Catalyst",,
"T","TWD","	Two Wheel Drive",,
"T","TWI","Tread Wear Indicator",,
"T","TYKO","	Typen-Kopf	","Typ für Fahrzeug, Getriebe und Motor",
"U","UA","	Unterausschuss",,
"U","UA","	Unter-Abteilungsleiter (LFG)",,
"U","UAT","	User Acceptance Test",,
"U","UAV","Unmanned Aerial Vehicles",,
"U","UB","	Unterbau (Plattform)",,
"U","UB","Unbedenklichkeitsbescheinigung",,
"U","UB","Technischer Assistent",,
"U","UBA","	Umwelt-Bundesamt",,
"U","UBS","	Unterbodenschutz",,
"U","UBV","	Umbauvorschrift",,
"U","UBV","	Unterbodenverkleidung",,
"U","UCL","	Used Car Locator",,
"U","UCRA","Uniform Child Restraint Anchorage",,
"U","UD","Unterdruck",,
"U","UDP","	Unterdruckpumpe",,
"U","UDS","	Unfalldatenspeicher",,
"U","UDS","Unified Diagnostic Services",,
"U","UEnMS	","Umwelt- und Energiemanagementsystem	","LINK FOLGT ",
"U","UGDO","Universal Garage Door Opener",,
"U","UHP","Ultra-High-Performance	","Reifen",
"U","UK","	United Kingdom",,
"U","U-KAT","	Ungeregelter Katalysator",,
"U","U-KAT","	Ungeregelter Katalysator",,
"U","UKW","Ultrakurzwelle",,
"U","UKZ","	Ursprungskennzeichnung",,
"U","ULEV","Ultra Low Emitting Vehicle",,
"U","ULT","	Universalladungsträger",,
"U","UMB","	Usermanagement Beschaffung",,
"U","UMB","	Umweltmanagementbeauftragter",,
"U","UMS","	Umweltmanagementsystem",,
"U","UMS","Universelle Multimedia Schnittstelle",,
"U","UMS","User Management System",,
"U","UNECE","	United-Nations-Economic-Comission-for-Europe",,
"U","UPE","	Unverbindliche Preisempfehlung",,
"U","UPS","Universelles Prüfsystem",,
"U","URI","	Uniform Resource Identifier",,
"U","URL","	Uniform Resource Locator",,
"U","ÜRS","	Überrollschutz",,
"U","ÜS","	Übungsserie",,
"U","Ü-S","	Übungsserie, Vorserie",,
"U","USE","Unfallschwereerkennung",,
"U","Ü-Serie","Übungs-Serie, Vorserie",,
"U","USP","Unique Selling Point / Proposition (Alleinstellungsmerkmale zum Wettbewerb)",,
"U","UT","	Unterer Totpunkt",,
"U","UTA","Umfangs-Teile-Auswertung",,
"U","UTQGS","	Uniform Tire Quality Grading Standards",,
"U","UUID","	Universally Unique Identifier",,
"U","UV","	Umlaufvermögen",,
"U","UV","	Utility Vehicle",,
"U","UV","	Ultraviolett",,
"U","UVV","Unfallverhütungsvorschrift",,
"U","UWS","	Umweltschutz","LINK FOLGT",
"V","V","	Vertrieb",,
"V","VA","	Virtuelle Absicherung",,
"V","VA","	Vorderachse",,
"V","VA","	Verkehrsausschuss",,
"V","VA	","Verfahrensanweisung",,
"V","VAB","	Versandabruf",,
"V","VAD","Vorstandsausschuss Digitalisierung",,
"V","VAG","	Vorderachsgetriebe",,
"V","VAI","	Vorstandsausschuss Investitionen",,
"V","VAK","Verrechnete Anschaffungskosten",,
"V","VAL","	Vehicle Abstraction Layer",,
"V","VALMET","	Valmet Automotive Oy",,
"V","VAMOS	","VAriantenManagement und OptimierungsSystem (VW-Konzern)",,
"V","VAP","Vorstandsausschuss Produkte",,
"V","VarioCam ""plus""	","Axiale Nockenwellenverstellung + Variable Ventilhubsteuerung",,
"V","VarioCam	","Nockenwellenverstellung über Kette",,
"V","VASS-Standard	","Übergreifender Standard für Konzernwerke (VASS: Volkswagen Audi Seat Skoda)",,
"V","VAUDIS NT	","VW Audi Informations System bzw. DMS basierend auf Windows Server",,
"V","VAUDIS	","VW Audi Disketten Informations System = DMS bei 90 % der VW Händler",,
"V","VAwS	 "," Verordnung über Anlagen zum Umgang mit wassergefährdenden Stoffen  (zukünftig: AwSV)","LINK FOLGT ",
"V","VB","	Verhandlungsbasis	",,
"V","VB","Vorläufige Beanstandungsmeldung",,
"V","VBA","	Verbau-Auftrags-Modul Leipzig",,
"V","VBV","	Verbauvorschrift",,
"V","VC","Vehicle Connector","(IoT)",
"V","VC+","	Verweis auf VarioCam ""plus""",,
"V","VCI","	Vehicle Communication Interface",,
"V","VCIP","	Value Chain Improvement Process",,
"V","VCR","	Video Cassette Recorder",,
"V","VCR","Variable Compression Ratio",,
"V","VCS","Vehicle Core Services",,
"V","VCW","Vehicle Curb Weight",,
"V","VD","	Vehicle Description",,
"V","VDA","	Verband der Automobilindustrie	",,
"V","VDAFS	","Verband der Automobilindustrie - Flächenschnittstelle, Datenformat zum Austausch von Geometriedaten	",,
"V","VDE","	Verband Deutscher Elektrotechniker	",,
"V","VDI","Verein Deutscher Ingenieure",,
"V","VDI","Vehicle Data Interpreter",,
"V","VDIK	","Verband der Importeure von Kraftfahrzeugen",,
"V","VDKD	","Verdeckkastendeckel",,
"V","VDM	","Vehicle Data Manager",,
"V","VDMA	","Verband Deutscher Maschinen- und Anlagenbau",,
"V","VDS","	Verband der Schadenversicherer",,
"V","VDS","	VersuchsDatenSystem (Volkswagen AG)	",,
"V","VdTÜV	","Verband der Technischen Überwachungsvereine",,
"V","VdV	","Vorsitzender des Vorstandes",,
"V","VE","	Vorentwicklung",,
"V","VE","	Versorgungszeitraum-Ende",,
"V","VEB","	Vorentwicklungsbackend",,
"V","VERD","	Verdichtung",,
"V","VESIS	","Volkswagen Electronic Service Information System",,
"V","VEV","	Verrechnungseinheit Visualisierung",,
"V","VEX","	Vorschriftenexperte",,
"V","VEY","	Verrechnungseinheit CAD",,
"V","VF","	Vorführfahrzeug",,
"V","VFA","	Vorserien-Freigabe-Aggregate",,
"V","VfA	","Verband freier Automobilimporteure",,
"V","VFF","Vorserien-Freigabe-Fahrzeuge",,
"V","VFW","	Vorführwagen",,
"V","VG","	Vermögensgegenstände",,
"V","VG","	Vertriebsgebiet",,
"V","VG","	Vollgut",,
"V","VGW","	Vorgangswesen",,
"V","VHR","	Vehicle Health Report",,
"V","VIBN","	Vorinbetriebnahme",,
"V","VIFA","	Vergrößerte Individuelle Fahrzeugauskunft	",,
"V","VIN","Vehicle Identification Number",,
"V","VIP","Virtuelle Integrierte Produktabsicherung	",,
"V","VIP","Virtuelles Pedal",,
"V","VJ","	Vorjahr",,
"V","VK","	Verkäufer",,
"V","VK","	Vollkaskoversicherung",,
"V","VK","	Versicherungsklasse",,
"V","VkBl	","Verkehrsblatt",,
"V","VKG","	Vorklärungsgruppe",,
"V","VKL","	Verkaufsleiter",,
"V","VKM","	Verbrennungskraftmotor",,
"V","VKMS","Vehicle-Key-Management-System",,
"V","VKO","	Vorschriftenkoordinator",,
"V","V-Kreis","	Führungskreis im Ressort V",,
"V","V-Kreis","Führungskreis im Ressort V",,
"V","VL","	Volllast",,
"V","VM","	Virtual Memory",,
"V","VM","	Vormonat",,
"V","VMA","	Vertriebs-/Marketing Ausschuss",,
"V","VMB","	virtueller Meisterbock",,
"V","VMS","	Vehicle Management System",,
"V","VN","	Vertriebs-und Netzentwicklung",,
"V","VNC","	Vehicle Noise Compensation",,
"V","VNC","	Vehicle Noise Cancellation",,
"V","VNPF","Vehicle Notification Plugin Framework",,
"V","VO","	Verordnung",,
"V","VO","	Verkehrsordnung",,
"V","VOC","	Flüchtige organische Verbindungen (engl. volatile organic compounds)",,
"V","VoKUs	","Volkswagen Konsilidierungs- und Unternehmenssteuerungssystem",,
"V","VOR","Vehicle-Off-Road (Panne)",,
"V","VOS","	Vor-Ort-Support","LINK FOLGT ",
"V","VoWa	","Vorderwagen",,
"V","VP","	Vorstand",,
"V","VP","	Verkaufspreis",,
"V","VP","	Verhandlungspreis",,
"V","V-PAK	","Produktarbeitskreis im Ressort V",,
"V","V-PAK	","Produktarbeitskreis im Ressort V",,
"V","VPC","	Vehicle Preparation Centre",,
"V","VPC","Virtual Private Cloud",,
"V","VPE","	Volume Platform Elektric",,
"V","VPK","	Vollständige Parametrische Konstruktionsstruktur",,
"V","VPM","	Virtual Product Manager",,
"V","VPN","	Virtual Private Network",,
"V","vPPG	","Virtuelles Produkt- & Prozess-Gespräch	",,
"V","VPT","	Virtueller Prototyp",,
"V","VPT","	Vorprototyp",,
"V","VPV","	Verpackungsvorschrift",,
"V","VR","	Verbundrelease",,
"V","VR","	Virtual Reality",,
"V","VS","Verschlußsache",,
"V","VS","	Vorstand / Vorstandausschuss",,
"V","VS","Verhandlungssache",,
"V","VS","Vertragsstand",,
"V","VSC","	Vorseriencenter",,
"V","VSE","Vorserien Einlauf (Datum)",,
"V","VSEP","	Vorserien Einlauf PIA (Datum)",,
"V","VSG","Verbundscheiben-Sicherheitsglas",,
"V","VSI","Voraussichtliches Ist-Gewicht zum SOP 	",,
"V","VSI","Voraussichtliches Soll-Ist",,
"V","VSL","	Verrechnungssachnummer Stück Liste	",,
"V","VSN","	Vollstanznieten",,
"V","VSNR","	Verrechnungssachnummer	",,
"V","VSR","Vehicle Status Report	",,
"V","VSS","	Variantenstrukturstückliste",,
"V","VSSW","	Vorstands-Strategie-Workshop",,
"V","V-SW","	Vertriebsstrategieworkshop",,
"V","VTA","	Verbindungstechnik-Applikation",,
"V","VTAM","Druckeradresse für Hostsysteme, die in Ingolstadt generiert wird",,
"V","VTDB","	Vertriebs Texte Daten Bank",,
"V","VTG","	Variable Turbinengeometrie",,
"V","VTP","	Virtueller Test Portal",,
"V","VTS","Vehicle Tracking System","LINK FOLGT ",
"V","VTS","	Vehicle Tracking Service",,
"V","VTS","	Vehicle Trip Statistics",,
"V","VV","Verbesserungsvorschlag",,
"V","VVK","Vorverpackungskosten",,
"V","VVS","Versuchs-Vorserie	","analog VFF",
"V","VVS","Variable Ventilhubsteuerung",,
"V","VVT","Verzeichnis der Verarbeitungstätigkeiten	",,
"V","VW"," Volkswagen AG",,
"V","VWN","	VW Nutzfahrzeuge",,
"V","VwtK	","Verwaltungskosten",,
"V","VwV	","Verwaltungsvorschrift",,
"V","VZ","	Versorgungszentrum",,
"V","VZA","	Verkehrszeichenanzeige",,
"V","VZE","	Verkehrszeichenerkennung",,
"V","VZF","	Verkehrszeichenfusion",,
"V","VZR","Verkehrszentralregister",,
"V","VZT","	Verizon Telematics",,
"W","W3C","	World Wide Web Consortium",,
"W","WA","	Warenausgang",,
"W","WA","	Wertanalyse",,
"W","WA","	Werksangehöriger",,
"W","WAP","	Werksabgabepreis",,
"W","WAS","Wärmeabschirmung",,
"W","WASB","Wärmeabschirmblech",,
"W","WaWi","Warenwirtschaftssystem",,
"W","WBA","Warnblinkanlage",,
"W","WBA","	Wettbewerbsanalyse",,
"W","WBS","	Warenbegleitschein",,
"W","WD","	Wartungsdienst",,
"W","WdK","	Wirtschaftsverband der deutschen Kautschukindustrie",,
"W","WDV","	WDV - Werkstoffdatenverwaltung","LINK FOLGT ",
"W","WE","	Wareneingang",,
"W","WFS","Wegfahrsperre",,
"W","WGK","	Wassergefährdungsklasse","LINK FOLGT ",
"W","WHG","	Wasserhaushaltsgesetz","LINK FOLGT ",
"W","WHT","	Wiederholteil","LINK FOLGT ",
"W","WIAM","anerkanntes Informationssystem für Werkstoffe von IMA",,
"W","WIG","	Wolfram-Inertgas",,
"W","Wink","Werkzeug-Invest-Kosten",,
"W","WIP","	work in process",,
"W","WIV","	Wartungsintervallverlängerung",,
"W","WK","	Windkanal",,
"W","WK","	Wasserkühler",,
"W","WK","	Wandlerkupplung",,
"W","WKD","	Wertschöpfungskettendiagramm",,
"W","WKS","Werkstoffstamm (im FSI)",,
"W","WLTC","	Worldwide Harmonized Light-Duty Test Cylce","Testzyklus ",
"W","WLTP","Worldwide Harmonized Light Vehicle Test Procedure	","Testverfahren",
"W","WM","Wassermanagement",,
"W","WPS","Widerstandspunktschweißen",,
"W","WPS","	Workshop Planning System",,
"W","WS","	Web Service",,
"W","WS","	Whole Sales",,
"W","WSDL","WebService Description Language",,
"W","WSS","	Windschutzscheibe",,
"W","WStG","	Werkstoffgruppe",,
"W","WT","	Werkstücksträger",,
"W","Wula","	Wunderland",,
"W","WV","	Werkvertrag",,
"W","WV","Wiedervorlage",,
"W","WVL","	Wiedervorlage",,
"W","WVT","	Werksvertrag",,
"W","WVT","	Werkvertragstätiger",,
"W","WW","	Werkswagen",,
"W","WWPB","	Werkplanspiegel",,
"W","WWPBL","Werkplanspiegel aus Lieferersicht",,
"W","WWPBN","Werkplanspiegel aus Nutzersicht",,
"W","WWS","World Warranty System",,
"W","WWT","	Wasser-Wärme-Tauscher",,
"W","WWW (W3)	","World Wide Web",,
"W","WYSIWYG	","What You See Is What You Get",,
"W","WZ","	Warenzeichen",,
"X","X2","918 Spyder","LINK FOLGT ",
"X","XCP","	Universal (""X"") Measurement and Calibration Protocol",,
"X","XLT","	Extragroßladungsträger",,
"X","XML","	Extensible Markup Language, Auszeichnungssprache zur Darstellung hierarchisch strukturierter Daten in Form von Textdaten",,
"X","X-Nr.","	Exclusiv-Ausstattung",,
"Y","YTD","	Year to Date",,
"Z","ZAK","	Ziel-Aktion-Kontrolle",,
"Z","ZAK","	Zubehörarbeitskreis",,
"Z","ZAÜ","	Zentrale Anlagenüberwachung	",,
"Z","ZBE","	Zusammenbau mit Elektronikkomponenten",,
"Z","ZBE","Zusatzbenennung",,
"Z","ZBV","Zentrale Benutzerverwaltung",,
"Z","ZDC","	Zieldatencontainer",,
"Z","ZDK","Zentralverband Deutsches Kfz-Gewerbe",,
"Z","ZE","	Zentralelektrik",,
"Z","ZEL","Zentralersatzteillager","LINK FOLGT ",
"Z","ZENTA","	DB2 Datenbanksystem Datawarehouse System	","  Bereitstellung von Lesesichten auf Daten aus Hostsystemen, insbesondere der Stücklistensysteme (ESON, MBT, STEREO etc.)  Vorgängersystem zu TI-Warehouse (VW AG)",
"Z","ZEV","	Zero Emission Vehicle	",,
"Z","zGG	","zulässiges Gesamtgewicht	",,
"Z","ZGW","	Zielgewicht",,
"Z","ZI","Zentral-Informator",,
"Z","ZK","	Zielkatalog",,
"Z","ZK","	Zylinderkopf",,
"Z","ZK","Zeichnungskontrolle",,
"Z","ZKF","	Zentralverband Karosserie- und Fahrzeugtechnik",,
"Z","ZMS","	Zweimassenschwungrad	",,
"Z","Z-Nr.	","Individual-Sonderausstattung	","mit 5 Zeichen",
"Z","ZP","	Zählpunkt	","z.B. ZP8 = Fahrzeugendabnahme",
"Z","ZP4	","Zählpunkt 4	","am Motor montierte Umfänge",
"Z","ZP7	","Zählpunkt 7	","am Fahrzeug montierte Umfänge",
"Z","ZP8	","Zählpunkt 8	","Übergabepunkt der Verantwortung für das Fahrzeug von der Produktion in den Aftersales",
"Z","ZPT","Zertifizierter Porsche Techniker",,
"Z","ZR","	Zentralrechner	","Infotainment, siehe auch Head Unit (HU)",
"Z","ZSB","	Zusammenbau	","Baugruppe",
"Z","ZSK","Zwei-Scheiben-Kupplung",,
"Z","ZSV","Zentrum für Sicherheitsversuche",,
"Z","ZSVK","	Zentrale Stammdatenverwaltung Kundendienst",,
"Z","ZTG","	  Zentralverband des Tankstellen- und Garagengewerbes",,
"Z","ZU","Zwischenuntersuchung	",,
"Z","ZV","	Zentralverband",,
"Z","ZV","	Zentralverriegelung	",,
"Z","ZV","	Zielvereinbarung",,
"Z","ZVEI","Zentralverband der Elektrotechnischen Industrie	",,
"Z","ZVK","	Zentralverband des Kraftfahrzeughandwerks",,
"Z","ZVS","	Zentrale Versorgungssteuerung	",,
"Z","ZW","	Zündwinkel",,
"Z","ZWZ","	Zentrale Werkstätten Zuffenhausen",,
"Z","ZZ","	Zahlungsziel",,
"Z","ZZ","	Zylinderzahl",,
"Z","ZZI","	zentrales Zusatzinstrument	",,
"Z","ZZP","	Zündzeitpunkt",,
